-1.3672,-0.85242,-0.85242,0.5926,-0.39905,-0.37351,0.28401,-0.17542,-0.21652
-1.3672,0.083919,0.083919,0.5926,-0.39905,-0.37351,0.28401,-0.17542,-0.21652
-1.3672,-0.62948,-0.62948,-1.6824,2.4984,-0.37351,0.28401,-0.17542,-0.21652
-1.3672,-0.62948,-0.62948,-1.6824,2.4984,-0.37351,0.28401,-0.17542,-0.21652
-1.3672,1.1763,1.1763,0.5926,-0.39905,-0.37351,-3.5104,-0.17542,4.6047
-1.3672,-0.1,-0.1,0.5926,-0.39905,-0.37351,0.28401,-0.17542,-0.21652
-1.3672,0.18981,0.18981,0.5926,-0.39905,-0.37351,0.28401,-0.17542,-0.21652
-1.3672,0.18981,0.18981,0.5926,-0.39905,-0.37351,0.28401,-0.17542,-0.21652
-1.3672,-0.61276,-0.61276,0.5926,-0.39905,-0.37351,0.28401,-0.17542,-0.21652
-1.2513,-0.29507,-0.29507,0.5926,-0.39905,-0.37351,0.28401,-0.17542,-0.21652
-1.1354,0.44062,0.44062,-1.6824,2.4984,-0.37351,0.28401,-0.17542,-0.21652
-1.1354,-0.55703,-0.55703,0.5926,-0.39905,-0.37351,0.28401,-0.17542,-0.21652
-1.1354,-1.0865,-1.0865,0.5926,-0.39905,-0.37351,0.28401,-0.17542,-0.21652
-0.67174,-0.11672,-0.11672,-1.6824,-0.39905,2.6693,0.28401,-0.17542,-0.21652
-0.67174,0.68585,0.68585,-1.6824,-0.39905,2.6693,0.28401,-0.17542,-0.21652
-1.0774,-0.57932,-0.57932,-1.6824,2.4984,-0.37351,0.28401,-0.17542,-0.21652
-1.0195,-0.25049,-0.25049,0.5926,-0.39905,-0.37351,0.28401,-0.17542,-0.21652
-0.55583,-0.3118,-0.3118,-1.6824,-0.39905,2.6693,0.28401,-0.17542,-0.21652
-0.82242,-0.0052564,-0.0052564,0.5926,-0.39905,-0.37351,0.28401,-0.17542,-0.21652
-0.82242,-1.0754,-1.0754,0.5926,-0.39905,-0.37351,0.28401,-0.17542,-0.21652
-0.82242,-0.41212,-0.41212,0.5926,-0.39905,-0.37351,0.28401,-0.17542,-0.21652
-0.82242,1.1763,1.1763,0.5926,-0.39905,-0.37351,-3.5104,-0.17542,4.6047
-0.70651,-2.1789,-2.1789,0.5926,-0.39905,-0.37351,0.28401,-0.17542,-0.21652
-0.26605,0.17309,0.17309,-1.6824,-0.39905,2.6693,0.28401,-0.17542,-0.21652
-0.26605,0.30686,0.30686,-1.6824,-0.39905,2.6693,0.28401,-0.17542,-0.21652
-0.65242,-0.62391,-0.62391,0.5926,-0.39905,-0.37351,0.28401,-0.17542,-0.21652
-0.60219,-0.38982,-0.38982,0.5926,-0.39905,-0.37351,0.28401,-0.17542,-0.21652
-0.60219,0.18981,0.18981,0.5926,-0.39905,-0.37351,0.28401,-0.17542,-0.21652
-0.60219,-0.83012,-0.83012,0.5926,-0.39905,-0.37351,0.28401,-0.17542,-0.21652
-0.60219,0.63569,0.63569,0.5926,-0.39905,-0.37351,0.28401,-0.17542,-0.21652
-0.60219,-0.41212,-0.41212,-1.6824,2.4984,-0.37351,0.28401,-0.17542,-0.21652
-0.54424,-0.58489,-0.58489,0.5926,-0.39905,-0.37351,0.28401,-0.17542,-0.21652
-0.38196,-0.65177,-0.65177,-1.6824,2.4984,-0.37351,0.28401,-0.17542,-0.21652
-0.38196,-0.32294,-0.32294,0.5926,-0.39905,-0.37351,0.28401,-0.17542,-0.21652
-0.38196,-0.48457,-0.48457,0.5926,-0.39905,-0.37351,0.28401,-0.17542,-0.21652
-0.38196,0.028184,0.028184,0.5926,-0.39905,-0.37351,0.28401,-0.17542,-0.21652
-0.32401,0.022611,0.022611,0.5926,-0.39905,-0.37351,0.28401,-0.17542,-0.21652
-0.32401,-0.41212,-0.41212,-1.6824,2.4984,-0.37351,0.28401,-0.17542,-0.21652
-0.2081,-0.17246,-0.17246,0.5926,-0.39905,-0.37351,0.28401,-0.17542,-0.21652
-0.2081,0.39046,0.39046,-1.6824,2.4984,-0.37351,0.28401,-0.17542,-0.21652
-0.15014,1.4996,1.4996,0.5926,-0.39905,-0.37351,0.28401,-0.17542,-0.21652
-0.15014,-0.7521,-0.7521,0.5926,-0.39905,-0.37351,0.28401,-0.17542,-0.21652
-0.092185,-0.20033,-0.20033,0.5926,-0.39905,-0.37351,0.28401,-0.17542,-0.21652
-0.092185,-0.90815,-0.90815,-1.6824,2.4984,-0.37351,0.28401,-0.17542,-0.21652
-0.03423,-0.69636,-0.69636,-1.6824,2.4984,-0.37351,0.28401,-0.17542,-0.21652
0.081681,1.5609,1.5609,0.5926,-0.39905,-0.37351,0.28401,-0.17542,-0.21652
0.081681,-0.072138,-0.072138,0.5926,-0.39905,-0.37351,0.28401,-0.17542,-0.21652
0.081681,0.31243,0.31243,0.5926,-0.39905,-0.37351,0.28401,-0.17542,-0.21652
0.19759,-0.33409,-0.33409,0.5926,-0.39905,-0.37351,0.28401,-0.17542,-0.21652
0.66123,-0.29507,-0.29507,-1.6824,-0.39905,2.6693,0.28401,-0.17542,-0.21652
0.25555,-0.31737,-0.31737,-1.6824,2.4984,-0.37351,0.28401,-0.17542,-0.21652
0.3135,-0.033124,-0.033124,0.5926,-0.39905,-0.37351,0.28401,-0.17542,-0.21652
0.37146,-0.61276,-0.61276,0.5926,-0.39905,-0.37351,0.28401,-0.17542,-0.21652
0.48737,-0.15017,-0.15017,-1.6824,2.4984,-0.37351,0.28401,-0.17542,-0.21652
0.54532,1.5107,1.5107,0.5926,-0.39905,-0.37351,0.28401,-0.17542,-0.21652
0.54532,0.028184,0.028184,0.5926,-0.39905,-0.37351,0.28401,-0.17542,-0.21652
0.66123,0.5911,0.5911,-1.6824,2.4984,-0.37351,0.28401,-0.17542,-0.21652
0.66123,-0.46228,-0.46228,0.5926,-0.39905,-0.37351,0.28401,-0.17542,-0.21652
0.71919,0.050478,0.050478,-1.6824,2.4984,-0.37351,0.28401,-0.17542,-0.21652
0.77715,-0.70194,-0.70194,0.5926,-0.39905,-0.37351,0.28401,-0.17542,-0.21652
0.77715,2.4861,2.4861,0.5926,-0.39905,-0.37351,0.28401,-0.17542,-0.21652
0.77715,0.45176,0.45176,0.5926,-0.39905,-0.37351,0.28401,-0.17542,-0.21652
0.77715,-0.15017,-0.15017,-1.6824,2.4984,-0.37351,0.28401,-0.17542,-0.21652
1.2987,-0.42884,-0.42884,-1.6824,-0.39905,2.6693,-3.5104,5.6836,-0.21652
0.95874,0.27342,0.27342,-1.6824,2.4984,-0.37351,0.28401,-0.17542,-0.21652
0.95874,0.45176,0.45176,0.5926,-0.39905,-0.37351,0.28401,-0.17542,-0.21652
0.95874,-0.46228,-0.46228,0.5926,-0.39905,-0.37351,0.28401,-0.17542,-0.21652
1.0167,0.71929,0.71929,0.5926,-0.39905,-0.37351,0.28401,-0.17542,-0.21652
1.0167,0.22325,0.22325,0.5926,-0.39905,-0.37351,0.28401,-0.17542,-0.21652
1.0746,0.65798,0.65798,0.5926,-0.39905,-0.37351,0.28401,-0.17542,-0.21652
1.6465,-0.8134,-0.8134,-1.6824,-0.39905,2.6693,0.28401,-0.17542,-0.21652
1.1326,0.24555,0.24555,0.5926,-0.39905,-0.37351,0.28401,-0.17542,-0.21652
1.1326,0.028184,0.028184,0.5926,-0.39905,-0.37351,0.28401,-0.17542,-0.21652
1.1635,-0.61276,-0.61276,-1.6824,2.4984,-0.37351,0.28401,-0.17542,-0.21652
1.2215,2.4861,2.4861,0.5926,-0.39905,-0.37351,-3.5104,5.6836,-0.21652
1.2485,0.5911,0.5911,0.5926,-0.39905,-0.37351,0.28401,-0.17542,-0.21652
1.3065,-0.18918,-0.18918,0.5926,-0.39905,-0.37351,0.28401,-0.17542,-0.21652
1.4842,-0.13345,-0.13345,-1.6824,2.4984,-0.37351,0.28401,-0.17542,-0.21652
1.5653,-0.95831,-0.95831,0.5926,-0.39905,-0.37351,0.28401,-0.17542,-0.21652
2.284,-0.8134,-0.8134,-1.6824,-0.39905,2.6693,0.28401,-0.17542,-0.21652
2.3999,-0.8134,-0.8134,-1.6824,-0.39905,2.6693,0.28401,-0.17542,-0.21652
2.1681,-0.95831,-0.95831,0.5926,-0.39905,-0.37351,0.28401,-0.17542,-0.21652
-1.3672,0.30686,0.30686,0.5926,-0.39905,-0.37351,-3.5104,-0.17542,4.6047
-1.3672,0.37374,0.37374,0.5926,-0.39905,-0.37351,0.28401,-0.17542,-0.21652
-1.3672,-0.38425,-0.38425,0.5926,-0.39905,-0.37351,-3.5104,-0.17542,4.6047
-1.3672,-0.58489,-0.58489,-1.6824,2.4984,-0.37351,0.28401,-0.17542,-0.21652
-1.3672,-0.52359,-0.52359,0.5926,-0.39905,-0.37351,0.28401,-0.17542,-0.21652
-1.3672,-0.1223,-0.1223,0.5926,-0.39905,-0.37351,0.28401,-0.17542,-0.21652
-1.3672,-0.52916,-0.52916,-1.6824,2.4984,-0.37351,0.28401,-0.17542,-0.21652
-1.3672,-0.5626,-0.5626,0.5926,-0.39905,-0.37351,0.28401,-0.17542,-0.21652
-1.3672,0.70257,0.70257,0.5926,-0.39905,-0.37351,0.28401,-0.17542,-0.21652
-1.0195,-0.94717,-0.94717,-1.6824,-0.39905,2.6693,0.28401,-0.17542,-0.21652
-1.1354,0.66356,0.66356,-1.6824,2.4984,-0.37351,0.28401,-0.17542,-0.21652
-0.55583,-0.94717,-0.94717,-1.6824,-0.39905,2.6693,-3.5104,-0.17542,4.6047
-1.0195,0.54651,0.54651,0.5926,-0.39905,-0.37351,-3.5104,-0.17542,4.6047
-0.96151,-0.021977,-0.021977,0.5926,-0.39905,-0.37351,0.28401,-0.17542,-0.21652
-0.88038,-0.5626,-0.5626,0.5926,-0.39905,-0.37351,0.28401,-0.17542,-0.21652
-0.88038,0.70257,0.70257,0.5926,-0.39905,-0.37351,0.28401,-0.17542,-0.21652
-0.82242,0.49635,0.49635,0.5926,-0.39905,-0.37351,0.28401,-0.17542,-0.21652
-0.82242,3.7066,3.7066,0.5926,-0.39905,-0.37351,-3.5104,-0.17542,4.6047
-0.26605,-0.76882,-0.76882,-1.6824,-0.39905,2.6693,0.28401,-0.17542,-0.21652
-0.82242,-0.55145,-0.55145,0.5926,-0.39905,-0.37351,0.28401,-0.17542,-0.21652
-0.76447,1.6779,1.6779,0.5926,-0.39905,-0.37351,0.28401,-0.17542,-0.21652
-0.76447,0.45734,0.45734,0.5926,-0.39905,-0.37351,0.28401,-0.17542,-0.21652
-0.76447,3.3555,3.3555,0.5926,-0.39905,-0.37351,0.28401,-0.17542,-0.21652
-0.2081,0.46849,0.46849,-1.6824,-0.39905,2.6693,0.28401,-0.17542,-0.21652
-0.70651,1.6779,1.6779,0.5926,-0.39905,-0.37351,-3.5104,-0.17542,4.6047
-0.70651,-1.2258,-1.2258,0.5926,-0.39905,-0.37351,0.28401,-0.17542,-0.21652
-0.65242,1.6779,1.6779,0.5926,-0.39905,-0.37351,-3.5104,-0.17542,4.6047
-0.65242,0.40718,0.40718,0.5926,-0.39905,-0.37351,0.28401,-0.17542,-0.21652
-0.65242,-0.8357,-0.8357,0.5926,-0.39905,-0.37351,0.28401,-0.17542,-0.21652
0.023726,2.6533,2.6533,-1.6824,-0.39905,2.6693,0.28401,-0.17542,-0.21652
0.023726,-0.76882,-0.76882,-1.6824,-0.39905,2.6693,0.28401,-0.17542,-0.21652
-0.62924,0.7583,0.7583,0.5926,-0.39905,-0.37351,0.28401,-0.17542,-0.21652
-0.62924,-0.021977,-0.021977,0.5926,-0.39905,-0.37351,0.28401,-0.17542,-0.21652
-0.60219,-0.021977,-0.021977,0.5926,-0.39905,-0.37351,0.28401,-0.17542,-0.21652
-0.60219,-1.2927,-1.2927,0.5926,-0.39905,-0.37351,0.28401,-0.17542,-0.21652
-0.60219,-0.1223,-0.1223,0.5926,-0.39905,-0.37351,0.28401,-0.17542,-0.21652
-0.60219,0.34587,0.34587,0.5926,-0.39905,-0.37351,0.28401,-0.17542,-0.21652
-0.60219,-0.33409,-0.33409,0.5926,-0.39905,-0.37351,0.28401,-0.17542,-0.21652
-0.54424,-0.021977,-0.021977,0.5926,-0.39905,-0.37351,0.28401,-0.17542,-0.21652
-0.54424,-0.51244,-0.51244,-1.6824,2.4984,-0.37351,0.28401,-0.17542,-0.21652
-0.54424,-0.35081,-0.35081,0.5926,-0.39905,-0.37351,0.28401,-0.17542,-0.21652
-0.43992,-0.25049,-0.25049,0.5926,-0.39905,-0.37351,-3.5104,-0.17542,4.6047
-0.38196,-0.55145,-0.55145,0.5926,-0.39905,-0.37351,0.28401,-0.17542,-0.21652
-0.32401,-0.55145,-0.55145,0.5926,-0.39905,-0.37351,0.28401,-0.17542,-0.21652
0.42941,0.71929,0.71929,-1.6824,-0.39905,2.6693,0.28401,-0.17542,-0.21652
-0.26605,0.34587,0.34587,0.5926,-0.39905,-0.37351,0.28401,-0.17542,-0.21652
-0.2081,-0.55145,-0.55145,0.5926,-0.39905,-0.37351,0.28401,-0.17542,-0.21652
0.60328,-0.40097,-0.40097,-1.6824,-0.39905,2.6693,0.28401,-0.17542,-0.21652
-0.15014,0.34587,0.34587,0.5926,-0.39905,-0.37351,0.28401,-0.17542,-0.21652
-0.15014,0.80289,0.80289,0.5926,-0.39905,-0.37351,0.28401,-0.17542,-0.21652
-0.03423,-0.1223,-0.1223,0.5926,-0.39905,-0.37351,0.28401,-0.17542,-0.21652
0.77715,0.71929,0.71929,-1.6824,-0.39905,2.6693,0.28401,-0.17542,-0.21652
0.89306,0.13408,0.13408,-1.6824,-0.39905,2.6693,0.28401,-0.17542,-0.21652
0.19759,-0.55145,-0.55145,0.5926,-0.39905,-0.37351,0.28401,-0.17542,-0.21652
0.23237,-0.55145,-0.55145,0.5926,-0.39905,-0.37351,0.28401,-0.17542,-0.21652
1.1249,2.029,2.029,-1.6824,-0.39905,2.6693,0.28401,-0.17542,-0.21652
0.3135,1.154,1.154,0.5926,-0.39905,-0.37351,0.28401,-0.17542,-0.21652
0.3135,-0.55145,-0.55145,0.5926,-0.39905,-0.37351,0.28401,-0.17542,-0.21652
0.37146,-0.12787,-0.12787,0.5926,-0.39905,-0.37351,0.28401,-0.17542,-0.21652
0.37146,0.34587,0.34587,0.5926,-0.39905,-0.37351,0.28401,-0.17542,-0.21652
0.37146,0.91993,0.91993,0.5926,-0.39905,-0.37351,-3.5104,5.6836,-0.21652
1.5306,0.40718,0.40718,0.5926,-0.39905,-0.37351,-3.5104,-0.17542,4.6047
0.42941,0.66356,0.66356,-1.6824,2.4984,-0.37351,0.28401,-0.17542,-0.21652
0.54532,-0.12787,-0.12787,0.5926,-0.39905,-0.37351,0.28401,-0.17542,-0.21652
0.54532,2.1238,2.1238,0.5926,-0.39905,-0.37351,0.28401,-0.17542,-0.21652
1.3567,-0.3118,-0.3118,-1.6824,-0.39905,2.6693,0.28401,-0.17542,-0.21652
0.54532,-0.38425,-0.38425,-1.6824,2.4984,-0.37351,0.28401,-0.17542,-0.21652
1.3567,0.71929,0.71929,-1.6824,-0.39905,2.6693,0.28401,-0.17542,-0.21652
1.7044,-0.55145,-0.55145,0.5926,-0.39905,-0.37351,0.28401,-0.17542,-0.21652
1.7624,-0.55145,-0.55145,0.5926,-0.39905,-0.37351,0.28401,-0.17542,-0.21652
0.66123,-0.17246,-0.17246,0.5926,-0.39905,-0.37351,0.28401,-0.17542,-0.21652
1.5306,-0.69636,-0.69636,-1.6824,-0.39905,2.6693,0.28401,-0.17542,-0.21652
1.5885,-0.69636,-0.69636,-1.6824,-0.39905,2.6693,0.28401,-0.17542,-0.21652
1.7624,-0.68521,-0.68521,-1.6824,-0.39905,2.6693,0.28401,-0.17542,-0.21652
0.95101,0.60782,0.60782,0.5926,-0.39905,-0.37351,0.28401,-0.17542,-0.21652
0.95101,-0.79111,-0.79111,0.5926,-0.39905,-0.37351,0.28401,-0.17542,-0.21652
0.95101,0.20096,0.20096,-1.6824,2.4984,-0.37351,0.28401,-0.17542,-0.21652
1.009,1.6779,1.6779,0.5926,-0.39905,-0.37351,-3.5104,-0.17542,4.6047
1.8203,-0.033124,-0.033124,-1.6824,-0.39905,2.6693,0.28401,-0.17542,-0.21652
1.009,0.19539,0.19539,0.5926,-0.39905,-0.37351,0.28401,-0.17542,-0.21652
1.1828,0.34587,0.34587,0.5926,-0.39905,-0.37351,0.28401,-0.17542,-0.21652
1.1828,1.2265,1.2265,0.5926,-0.39905,-0.37351,0.28401,-0.17542,-0.21652
1.2099,8.7395,8.7395,-1.6824,2.4984,-0.37351,0.28401,-0.17542,-0.21652
1.2099,-0.46228,-0.46228,0.5926,-0.39905,-0.37351,0.28401,-0.17542,-0.21652
1.2099,0.19539,0.19539,0.5926,-0.39905,-0.37351,0.28401,-0.17542,-0.21652
1.2408,-0.44556,-0.44556,-1.6824,2.4984,-0.37351,0.28401,-0.17542,-0.21652
1.3567,-0.25049,-0.25049,0.5926,-0.39905,-0.37351,-3.5104,-0.17542,4.6047
1.4147,-0.0052564,-0.0052564,0.5926,-0.39905,-0.37351,-3.5104,-0.17542,4.6047
1.4147,0.86977,0.86977,0.5926,-0.39905,-0.37351,-3.5104,-0.17542,4.6047
1.4147,1.4048,1.4048,0.5926,-0.39905,-0.37351,0.28401,-0.17542,-0.21652
1.6697,2.9431,2.9431,0.5926,-0.39905,-0.37351,0.28401,-0.17542,-0.21652
1.6697,-0.16131,-0.16131,0.5926,-0.39905,-0.37351,0.28401,-0.17542,-0.21652
1.8783,-0.57932,-0.57932,0.5926,-0.39905,-0.37351,0.28401,-0.17542,-0.21652
1.8783,-0.16131,-0.16131,0.5926,-0.39905,-0.37351,0.28401,-0.17542,-0.21652
2.1101,-0.16131,-0.16131,0.5926,-0.39905,-0.37351,0.28401,-0.17542,-0.21652
3.0374,-0.16131,-0.16131,0.5926,-0.39905,-0.37351,0.28401,-0.17542,-0.21652
-1.3672,-0.64063,-0.64063,0.5926,-0.39905,-0.37351,0.28401,-0.17542,-0.21652
-1.2513,-0.57932,-0.57932,0.5926,-0.39905,-0.37351,0.28401,-0.17542,-0.21652
-0.90356,-0.19475,-0.19475,-1.6824,-0.39905,2.6693,0.28401,-0.17542,-0.21652
-1.1354,-0.27835,-0.27835,0.5926,-0.39905,-0.37351,0.28401,-0.17542,-0.21652
-1.1354,0.80846,0.80846,0.5926,-0.39905,-0.37351,0.28401,-0.17542,-0.21652
-1.1354,-0.26163,-0.26163,0.5926,-0.39905,-0.37351,0.28401,-0.17542,-0.21652
-1.1354,-1.6438,-1.6438,0.5926,-0.39905,-0.37351,0.28401,-0.17542,-0.21652
-1.1354,-0.02755,-0.02755,0.5926,-0.39905,-0.37351,0.28401,-0.17542,-0.21652
-1.1354,-0.22262,-0.22262,0.5926,-0.39905,-0.37351,0.28401,-0.17542,-0.21652
-1.1354,-0.3118,-0.3118,-1.6824,2.4984,-0.37351,0.28401,-0.17542,-0.21652
-0.67174,-0.33966,-0.33966,-1.6824,-0.39905,2.6693,0.28401,-0.17542,-0.21652
-0.67174,-0.19475,-0.19475,-1.6824,-0.39905,2.6693,0.28401,-0.17542,-0.21652
-0.55583,-0.25049,-0.25049,-1.6824,-0.39905,2.6693,0.28401,-0.17542,-0.21652
-0.55583,0.12293,0.12293,-1.6824,-0.39905,2.6693,0.28401,-0.17542,-0.21652
-1.0658,-0.38982,-0.38982,-1.6824,2.4984,-0.37351,0.28401,-0.17542,-0.21652
-1.0658,-0.32294,-0.32294,0.5926,-0.39905,-0.37351,0.28401,-0.17542,-0.21652
-1.0658,-0.27835,-0.27835,0.5926,-0.39905,-0.37351,0.28401,-0.17542,-0.21652
-1.0658,-0.57932,-0.57932,0.5926,-0.39905,-0.37351,-3.5104,5.6836,-0.21652
-0.49787,-0.35638,-0.35638,-1.6824,-0.39905,2.6693,0.28401,-0.17542,-0.21652
-1.0658,-1.6438,-1.6438,0.5926,-0.39905,-0.37351,0.28401,-0.17542,-0.21652
-1.0658,0.95337,0.95337,0.5926,-0.39905,-0.37351,0.28401,-0.17542,-0.21652
-1.0658,-0.3118,-0.3118,-1.6824,2.4984,-0.37351,0.28401,-0.17542,-0.21652
-1.0658,-0.40654,-0.40654,0.5926,-0.39905,-0.37351,0.28401,-0.17542,-0.21652
-1.0079,-0.45113,-0.45113,0.5926,-0.39905,-0.37351,0.28401,-0.17542,-0.21652
-1.0079,-0.43998,-0.43998,0.5926,-0.39905,-0.37351,0.28401,-0.17542,-0.21652
-1.0079,-0.53473,-0.53473,-1.6824,2.4984,-0.37351,0.28401,-0.17542,-0.21652
-0.94992,-0.45113,-0.45113,0.5926,-0.39905,-0.37351,0.28401,-0.17542,-0.21652
-0.94992,-0.38982,-0.38982,-1.6824,2.4984,-0.37351,0.28401,-0.17542,-0.21652
-0.94992,-0.34524,-0.34524,0.5926,-0.39905,-0.37351,0.28401,-0.17542,-0.21652
-0.32401,-0.19475,-0.19475,-1.6824,-0.39905,2.6693,0.28401,-0.17542,-0.21652
-0.76447,-1.2481,-1.2481,0.5926,-0.39905,-0.37351,0.28401,-0.17542,-0.21652
-0.76447,-0.41212,-0.41212,0.5926,-0.39905,-0.37351,0.28401,-0.17542,-0.21652
-0.76447,-0.26163,-0.26163,0.5926,-0.39905,-0.37351,0.28401,-0.17542,-0.21652
-0.76447,-1.6438,-1.6438,0.5926,-0.39905,-0.37351,0.28401,-0.17542,-0.21652
-0.76447,0.59667,0.59667,0.5926,-0.39905,-0.37351,0.28401,-0.17542,-0.21652
-0.76447,-0.17246,-0.17246,0.5926,-0.39905,-0.37351,0.28401,-0.17542,-0.21652
-0.70651,-0.62948,-0.62948,0.5926,-0.39905,-0.37351,0.28401,-0.17542,-0.21652
-0.70651,0.067198,0.067198,0.5926,-0.39905,-0.37351,0.28401,-0.17542,-0.21652
-0.70651,-0.57932,-0.57932,0.5926,-0.39905,-0.37351,0.28401,-0.17542,-0.21652
-0.70651,-0.67964,-0.67964,-1.6824,2.4984,-0.37351,0.28401,-0.17542,-0.21652
-0.70651,0.044904,0.044904,0.5926,-0.39905,-0.37351,0.28401,-0.17542,-0.21652
-0.092185,-0.19475,-0.19475,-1.6824,-0.39905,2.6693,0.28401,-0.17542,-0.21652
-0.64856,0.067198,0.067198,0.5926,-0.39905,-0.37351,0.28401,-0.17542,-0.21652
-0.60219,-0.43998,-0.43998,0.5926,-0.39905,-0.37351,0.28401,-0.17542,-0.21652
-0.60219,-0.96946,-0.96946,0.5926,-0.39905,-0.37351,0.28401,-0.17542,-0.21652
-0.60219,1.2822,1.2822,0.5926,-0.39905,-0.37351,0.28401,-0.17542,-0.21652
-0.60219,-1.4766,-1.4766,-1.6824,2.4984,-0.37351,0.28401,-0.17542,-0.21652
-0.54424,-0.62948,-0.62948,0.5926,-0.39905,-0.37351,0.28401,-0.17542,-0.21652
-0.54424,0.067198,0.067198,0.5926,-0.39905,-0.37351,0.28401,-0.17542,-0.21652
-0.54424,1.2822,1.2822,0.5926,-0.39905,-0.37351,0.28401,-0.17542,-0.21652
0.081681,-0.19475,-0.19475,-1.6824,-0.39905,2.6693,0.28401,-0.17542,-0.21652
-0.48242,1.3101,1.3101,0.5926,-0.39905,-0.37351,0.28401,-0.17542,-0.21652
-0.48242,-0.96946,-0.96946,0.5926,-0.39905,-0.37351,0.28401,-0.17542,-0.21652
-0.48242,-0.066564,-0.066564,0.5926,-0.39905,-0.37351,0.28401,-0.17542,-0.21652
-0.48242,0.044904,0.044904,0.5926,-0.39905,-0.37351,0.28401,-0.17542,-0.21652
0.37146,-0.60719,-0.60719,0.5926,-0.39905,-0.37351,0.28401,-0.17542,-0.21652
-0.38196,-0.93045,-0.93045,0.5926,-0.39905,-0.37351,-3.5104,5.6836,-0.21652
-0.38196,1.3212,1.3212,-1.6824,2.4984,-0.37351,0.28401,-0.17542,-0.21652
-0.32401,-0.89701,-0.89701,0.5926,-0.39905,-0.37351,0.28401,-0.17542,-0.21652
-0.32401,-0.38982,-0.38982,0.5926,-0.39905,-0.37351,0.28401,-0.17542,-0.21652
-0.32401,1.5609,1.5609,0.5926,-0.39905,-0.37351,0.28401,-0.17542,-0.21652
-0.15014,-0.3731,-0.3731,0.5926,-0.39905,-0.37351,0.28401,-0.17542,-0.21652
-0.092185,-0.54588,-0.54588,0.5926,-0.39905,-0.37351,0.28401,-0.17542,-0.21652
-0.092185,-0.0052564,-0.0052564,0.5926,-0.39905,-0.37351,0.28401,-0.17542,-0.21652
0.8351,0.15637,0.15637,0.5926,-0.39905,-0.37351,0.28401,-0.17542,-0.21652
0.023726,-1.694,-1.694,0.5926,-0.39905,-0.37351,0.28401,-0.17542,-0.21652
0.023726,0.38488,0.38488,0.5926,-0.39905,-0.37351,0.28401,-0.17542,-0.21652
0.66123,-0.19475,-0.19475,-1.6824,-0.39905,2.6693,0.28401,-0.17542,-0.21652
0.081681,-0.48457,-0.48457,0.5926,-0.39905,-0.37351,0.28401,-0.17542,-0.21652
0.081681,-0.89701,-0.89701,0.5926,-0.39905,-0.37351,0.28401,-0.17542,-0.21652
0.081681,-0.36196,-0.36196,0.5926,-0.39905,-0.37351,0.28401,-0.17542,-0.21652
0.081681,-1.694,-1.694,0.5926,-0.39905,-0.37351,0.28401,-0.17542,-0.21652
0.081681,0.044904,0.044904,0.5926,-0.39905,-0.37351,0.28401,-0.17542,-0.21652
0.13964,1.3101,1.3101,0.5926,-0.39905,-0.37351,0.28401,-0.17542,-0.21652
0.19759,-0.17246,-0.17246,0.5926,-0.39905,-0.37351,0.28401,-0.17542,-0.21652
0.42941,0.65241,0.65241,0.5926,-0.39905,-0.37351,0.28401,-0.17542,-0.21652
0.42941,0.81961,0.81961,0.5926,-0.39905,-0.37351,0.28401,-0.17542,-0.21652
0.48737,1.3212,1.3212,-1.6824,2.4984,-0.37351,0.28401,-0.17542,-0.21652
0.54532,0.044904,0.044904,0.5926,-0.39905,-0.37351,0.28401,-0.17542,-0.21652
1.1828,-0.62948,-0.62948,-1.6824,-0.39905,2.6693,0.28401,-0.17542,-0.21652
0.60328,-0.0052564,-0.0052564,0.5926,-0.39905,-0.37351,0.28401,-0.17542,-0.21652
0.60328,0.91993,0.91993,0.5926,-0.39905,-0.37351,0.28401,-0.17542,-0.21652
0.66123,-0.3731,-0.3731,0.5926,-0.39905,-0.37351,0.28401,-0.17542,-0.21652
0.66123,-1.8166,-1.8166,0.5926,-0.39905,-0.37351,0.28401,-0.17542,-0.21652
1.5306,-0.60719,-0.60719,0.5926,-0.39905,-0.37351,0.28401,-0.17542,-0.21652
0.71919,-0.26721,-0.26721,-1.6824,2.4984,-0.37351,0.28401,-0.17542,-0.21652
0.8351,-0.22819,-0.22819,0.5926,-0.39905,-0.37351,0.28401,-0.17542,-0.21652
0.89306,-0.17246,-0.17246,0.5926,-0.39905,-0.37351,0.28401,-0.17542,-0.21652
0.89306,1.5609,1.5609,0.5926,-0.39905,-0.37351,0.28401,-0.17542,-0.21652
0.95874,0.61897,0.61897,0.5926,-0.39905,-0.37351,0.28401,-0.17542,-0.21652
1.0167,0.33472,0.33472,0.5926,-0.39905,-0.37351,0.28401,-0.17542,-0.21652
1.0167,-0.89701,-0.89701,0.5926,-0.39905,-0.37351,0.28401,-0.17542,-0.21652
1.0746,0.70814,0.70814,0.5926,-0.39905,-0.37351,0.28401,-0.17542,-0.21652
1.0746,0.45734,0.45734,0.5926,-0.39905,-0.37351,0.28401,-0.17542,-0.21652
1.1326,-1.1088,-1.1088,-1.6824,2.4984,-0.37351,0.28401,-0.17542,-0.21652
1.2215,-0.36196,-0.36196,0.5926,-0.39905,-0.37351,0.28401,-0.17542,-0.21652
1.2215,-0.53473,-0.53473,0.5926,-0.39905,-0.37351,0.28401,-0.17542,-0.21652
1.4842,0.70814,0.70814,0.5926,-0.39905,-0.37351,0.28401,-0.17542,-0.21652
1.8203,0.60782,0.60782,0.5926,-0.39905,-0.37351,0.28401,-0.17542,-0.21652
1.9324,4.0745,4.0745,-1.6824,2.4984,-0.37351,0.28401,-0.17542,-0.21652
2.1101,1.1429,1.1429,-1.6824,2.4984,-0.37351,0.28401,-0.17542,-0.21652
2.1101,-0.53473,-0.53473,0.5926,-0.39905,-0.37351,0.28401,-0.17542,-0.21652
2.1681,1.3435,1.3435,0.5926,-0.39905,-0.37351,0.28401,-0.17542,-0.21652
2.1681,1.1429,1.1429,-1.6824,2.4984,-0.37351,0.28401,-0.17542,-0.21652
2.284,-1.694,-1.694,0.5926,-0.39905,-0.37351,0.28401,-0.17542,-0.21652
2.3419,0.23997,0.23997,0.5926,-0.39905,-0.37351,0.28401,-0.17542,-0.21652
-1.3672,-0.021977,-0.021977,0.5926,-0.39905,-0.37351,0.28401,-0.17542,-0.21652
-1.3672,0.11179,0.11179,0.5926,-0.39905,-0.37351,0.28401,-0.17542,-0.21652
-1.3672,-0.67407,-0.67407,0.5926,-0.39905,-0.37351,0.28401,-0.17542,-0.21652
-1.3672,-0.55703,-0.55703,0.5926,-0.39905,-0.37351,0.28401,-0.17542,-0.21652
-0.78765,-0.54031,-0.54031,0.5926,-0.39905,-0.37351,0.28401,-0.17542,-0.21652
-1.1354,-0.69079,-0.69079,-1.6824,2.4984,-0.37351,0.28401,-0.17542,-0.21652
-1.1354,2.0625,2.0625,0.5926,-0.39905,-0.37351,0.28401,-0.17542,-0.21652
-1.1354,-0.67407,-0.67407,0.5926,-0.39905,-0.37351,0.28401,-0.17542,-0.21652
-1.1354,-0.02755,-0.02755,0.5926,-0.39905,-0.37351,0.28401,-0.17542,-0.21652
-1.0658,3.1326,3.1326,0.5926,-0.39905,-0.37351,0.28401,-0.17542,-0.21652
-1.0658,-0.033124,-0.033124,0.5926,-0.39905,-0.37351,0.28401,-0.17542,-0.21652
-1.0658,-0.25049,-0.25049,0.5926,-0.39905,-0.37351,0.28401,-0.17542,-0.21652
-1.0658,-0.93602,-0.93602,0.5926,-0.39905,-0.37351,-3.5104,5.6836,-0.21652
-1.0079,-0.69079,-0.69079,-1.6824,2.4984,-0.37351,0.28401,-0.17542,-0.21652
-1.0079,0.039331,0.039331,0.5926,-0.39905,-0.37351,-3.5104,5.6836,-0.21652
-1.0079,-0.25049,-0.25049,0.5926,-0.39905,-0.37351,0.28401,-0.17542,-0.21652
-1.0079,-1.1645,-1.1645,0.5926,-0.39905,-0.37351,0.28401,-0.17542,-0.21652
-0.94992,-0.18918,-0.18918,0.5926,-0.39905,-0.37351,0.28401,-0.17542,-0.21652
-0.94992,-0.70194,-0.70194,0.5926,-0.39905,-0.37351,0.28401,-0.17542,-0.21652
-0.94992,-0.32852,-0.32852,0.5926,-0.39905,-0.37351,-3.5104,5.6836,-0.21652
-0.94992,-0.97503,-0.97503,0.5926,-0.39905,-0.37351,0.28401,-0.17542,-0.21652
-0.94992,-1.0754,-1.0754,0.5926,-0.39905,-0.37351,0.28401,-0.17542,-0.21652
-0.94992,-0.71308,-0.71308,0.5926,-0.39905,-0.37351,0.28401,-0.17542,-0.21652
-0.32401,-0.82455,-0.82455,-1.6824,-0.39905,2.6693,0.28401,-0.17542,-0.21652
-0.82242,0.11179,0.11179,0.5926,-0.39905,-0.37351,0.28401,-0.17542,-0.21652
-0.76447,-0.32852,-0.32852,0.5926,-0.39905,-0.37351,0.28401,-0.17542,-0.21652
-0.76447,-1.198,-1.198,0.5926,-0.39905,-0.37351,0.28401,-0.17542,-0.21652
-0.64856,-0.32852,-0.32852,0.5926,-0.39905,-0.37351,0.28401,-0.17542,-0.21652
-0.54424,0.43504,0.43504,0.5926,-0.39905,-0.37351,0.28401,-0.17542,-0.21652
-0.38196,-0.35638,-0.35638,0.5926,-0.39905,-0.37351,0.28401,-0.17542,-0.21652
-0.38196,-1.1645,-1.1645,0.5926,-0.39905,-0.37351,0.28401,-0.17542,-0.21652
0.54532,0.29571,0.29571,0.5926,-0.39905,-0.37351,0.28401,-0.17542,-0.21652
-0.2081,-0.35638,-0.35638,0.5926,-0.39905,-0.37351,0.28401,-0.17542,-0.21652
-0.15014,1.0871,1.0871,0.5926,-0.39905,-0.37351,0.28401,-0.17542,-0.21652
0.77715,-0.82455,-0.82455,-1.6824,-0.39905,2.6693,0.28401,-0.17542,-0.21652
0.8351,-0.82455,-0.82455,-1.6824,-0.39905,2.6693,0.28401,-0.17542,-0.21652
0.23237,-0.30622,-0.30622,0.5926,-0.39905,-0.37351,0.28401,-0.17542,-0.21652
1.2408,-0.59604,-0.59604,0.5926,-0.39905,-0.37351,-3.5104,5.6836,-0.21652
0.3135,0.68585,0.68585,-1.6824,2.4984,-0.37351,0.28401,-0.17542,-0.21652
0.3135,-0.67964,-0.67964,0.5926,-0.39905,-0.37351,0.28401,-0.17542,-0.21652
0.66123,-0.35638,-0.35638,0.5926,-0.39905,-0.37351,0.28401,-0.17542,-0.21652
0.66123,1.0871,1.0871,0.5926,-0.39905,-0.37351,0.28401,-0.17542,-0.21652
1.8203,-0.59604,-0.59604,0.5926,-0.39905,-0.37351,-3.5104,5.6836,-0.21652
0.95874,-0.59047,-0.59047,0.5926,-0.39905,-0.37351,0.28401,-0.17542,-0.21652
1.1326,0.0058905,0.0058905,-1.6824,2.4984,-0.37351,0.28401,-0.17542,-0.21652
1.1326,-1.1645,-1.1645,0.5926,-0.39905,-0.37351,0.28401,-0.17542,-0.21652
1.1597,1.4104,1.4104,0.5926,-0.39905,-0.37351,0.28401,-0.17542,-0.21652
1.1597,0.3403,0.3403,0.5926,-0.39905,-0.37351,0.28401,-0.17542,-0.21652
1.3065,1.4494,1.4494,-1.6824,2.4984,-0.37351,0.28401,-0.17542,-0.21652
1.3065,1.0871,1.0871,0.5926,-0.39905,-0.37351,0.28401,-0.17542,-0.21652
