-1.8308,-0.44525,-0.39414,1,0,0,1,0,0
-1.8308,-0.65942,-0.64225,1,0,0,1,0,0
-1.8308,-0.33588,-0.65379,1,0,0,1,0,0
-1.5364,0.23373,-0.54993,0,0,1,1,0,0
-1.5364,0.14715,0.35596,0,0,1,1,0,0
-1.3423,-0.67309,-0.68263,1,0,0,1,0,0
-1.3423,1.6464,-0.24412,1,0,0,1,0,0
-1.6367,-0.29031,-0.19796,1,0,0,1,0,0
-1.6367,-0.65031,-0.65379,1,0,0,1,0,0
-1.6367,-0.17639,-0.61917,1,0,0,1,0,0
-1.5882,-0.79613,-0.83842,1,0,0,1,0,0
-1.1481,-0.65031,-0.65379,1,0,0,1,0,0
-1.5396,-0.67765,-0.6884,1,0,0,1,0,0
-1.5396,-0.65942,-0.66532,1,0,0,1,0,0
-1.5396,-0.03057,-0.67109,0,1,0,1,0,0
-1.5396,-0.48626,-0.44607,1,0,0,1,0,0
-1.4911,-0.49993,-0.46338,1,0,0,1,0,0
-1.4911,-0.5774,-0.56147,1,0,0,1,0,0
-1.4911,0.61195,0.94449,1,0,0,1,0,0
-0.954,-0.38145,-0.31336,1,0,0,1,0,0
-1.0511,0.23373,-0.54993,0,0,1,1,0,0
-1.4426,-0.70043,-0.42299,1,0,0,1,0,0
-1.0511,-0.33132,-0.24989,0,0,1,1,0,0
-1.4426,0.060568,0.24633,1,0,0,1,0,0
-0.85694,-0.67309,-0.68263,1,0,0,1,0,0
-1.394,0.051454,0.55791,1,0,0,1,0,0
-1.394,-0.20373,1.1349,1,0,0,1,0,0
-0.954,0.14259,0.35019,0,0,1,1,0,0
-1.297,-0.51816,-1.1096,1,0,0,1,0,0
-1.297,0.92182,1.3369,1,0,0,1,0,0
-1.297,0.5436,-0.59609,0,1,0,1,0,0
-1.297,-1.0604,2.2139,1,0,0,1,0,0
-1.297,-0.52271,2.4043,1,0,0,1,0,0
-1.297,-1.1516,-1.2885,0,1,0,1,0,0
-0.90547,-0.345,0.06746,0,0,1,1,0,0
-1.297,-0.20373,-0.088329,0,1,0,1,0,0
-1.297,-0.5774,-0.56147,1,0,0,1,0,0
-1.297,-0.29487,-0.65379,1,0,0,1,0,0
-0.85694,1.7193,-0.52108,0,0,1,1,0,0
-1.2484,-1.5708,1.1118,0,1,0,1,0,0
-1.2484,0.86714,1.1118,1,0,0,1,0,0
-0.61428,-0.61841,-0.53262,1,0,0,1,0,0
-1.1999,-0.41335,-0.35375,1,0,0,1,0,0
-1.1999,-0.62297,-0.61917,1,0,0,1,0,0
-1.1384,-0.34955,-0.96536,0,1,0,1,0,0
-1.1384,-0.03057,0.13093,1,0,0,1,0,0
-1.1384,-0.83714,-0.89035,0,1,0,1,0,0
-1.1384,-0.83714,-0.89035,0,1,0,1,0,0
-0.56575,0.38866,0.66177,1,0,0,1,0,0
-1.1384,-0.52727,-0.498,1,0,0,1,0,0
-1.1384,-0.50449,-0.46915,1,0,0,1,0,0
-1.1384,-0.44069,-0.38837,1,0,0,0,0,1
-1.1384,-0.4817,-1.0058,1,0,0,1,0,0
-1.1384,0.36132,0.62715,0,1,0,1,0,0
-1.1384,-0.27209,-0.9192,1,0,0,1,0,0
-1.1384,-0.82347,-0.90189,1,0,0,1,0,0
-1.1384,0.41145,0.69062,1,0,0,1,0,0
-1.0996,-0.52727,-0.95382,1,0,0,1,0,0
-1.0996,-0.071582,-0.93074,1,0,0,1,0,0
-0.71134,-0.14905,-0.019089,0,0,1,1,0,0
-1.0996,3.0317,-0.61917,1,0,0,1,0,0
-1.0025,-0.4817,-0.4403,1,0,0,1,0,0
-1.0025,0.41145,0.69062,1,0,0,1,0,0
-0.37162,-0.67309,-0.68263,1,0,0,1,0,0
-0.954,-0.21285,-0.42299,1,0,0,1,0,0
-0.90547,-0.34955,-0.27297,0,1,0,1,0,0
-0.90547,-0.4817,-0.4403,1,0,0,1,0,0
-0.90547,-0.36322,0.56368,1,0,0,1,0,0
-0.46868,0.14259,0.35019,0,0,1,1,0,0
-0.8084,-0.5136,-1.1096,1,0,0,1,0,0
-0.8084,-0.057911,2.2139,1,0,0,1,0,0
-0.8084,-0.28576,-0.14603,1,0,0,1,0,0
-0.8084,0.64385,-0.498,0,1,0,1,0,0
-0.75987,-0.83714,-0.37683,0,1,0,1,0,0
-0.17749,-0.65486,-0.65956,1,0,0,1,0,0
-0.75987,0.10614,1.1118,1,0,0,1,0,0
-0.12896,0.32031,-0.53262,1,0,0,1,0,0
-0.71134,0.74866,-0.34221,1,0,0,1,0,0
-0.32309,1.2226,-0.45761,0,0,1,1,0,0
-0.66281,0.14715,-0.39414,1,0,0,1,0,0
-0.080425,0.38866,-0.44607,1,0,0,1,0,0
-0.66281,0.86714,1.2676,1,0,0,1,0,0
-0.66281,0.52081,-0.90189,1,0,0,1,0,0
-0.66281,-0.17639,0.31557,1,0,0,1,0,0
-0.66281,-0.11259,0.09631,0,1,0,1,0,0
-0.61428,1.2909,-0.22681,1,0,0,1,0,0
-0.61428,0.60284,-0.93074,1,0,0,1,0,0
-0.56575,-0.2493,2.1504,1,0,0,1,0,0
0.016639,-0.38145,-0.31336,1,0,0,1,0,0
-0.51721,0.58005,0.87526,1,0,0,1,0,0
-0.51721,0.14259,0.35019,1,0,0,1,0,0
-0.46868,0.14715,0.35596,1,0,0,1,0,0
-0.46868,0.38411,-0.18065,1,0,0,1,0,0
-0.080425,2.1431,2.8832,0,0,1,1,0,0
-0.42015,-0.067025,0.17709,1,0,0,1,0,0
-0.42015,-0.55461,0.77717,0,1,0,1,0,0
-0.42015,0.14259,3.1775,1,0,0,1,0,0
0.16223,0.78056,1.158,1,0,0,1,0,0
-0.37162,-0.5136,-0.48069,0,1,0,1,0,0
-0.32309,0.38411,0.656,1,0,0,1,0,0
-0.32309,0.060568,-0.92497,1,0,0,1,0,0
-0.32309,0.11981,-0.498,0,1,0,1,0,0
0.30783,-0.32677,-0.24412,1,0,0,1,0,0
0.35636,-0.55461,-0.53262,1,0,0,1,0,0
0.16223,1.2226,-0.45761,0,0,1,1,0,0
-0.17749,0.38411,0.656,1,0,0,1,0,0
-0.17749,0.39322,-0.69417,1,0,0,0,1,0
0.40489,0.78056,-0.44607,1,0,0,1,0,0
-0.17749,-0.45892,-0.41145,1,0,0,1,0,0
-0.17749,-0.0077857,2.9986,1,0,0,1,0,0
-0.12896,-0.48626,-0.95382,1,0,0,1,0,0
-0.12896,-0.03057,-0.93074,1,0,0,1,0,0
0.2593,-0.31765,-0.498,0,0,1,1,0,0
0.45343,-0.53638,-0.50954,1,0,0,1,0,0
-0.080425,0.20183,0.027071,1,0,0,1,0,0
0.35636,1.6646,-0.47492,0,0,1,1,0,0
0.59902,-0.67309,-0.68263,1,0,0,1,0,0
0.59902,-0.47715,-0.24412,1,0,0,1,0,0
-0.0092452,-0.43613,-0.3826,0,1,0,1,0,0
0.016639,-0.080696,0.09054,1,0,0,1,0,0
0.065171,1.4869,3.1775,1,0,0,1,0,0
0.1137,2.0291,2.739,0,1,0,1,0,0
0.1137,0.033226,1.6196,1,0,0,1,0,0
0.1137,2.1066,2.837,1,0,0,1,0,0
0.1137,-0.094367,2.2312,1,0,0,1,0,0
0.1137,0.73499,1.1003,1,0,0,1,0,0
0.79315,-0.5136,-0.48069,1,0,0,1,0,0
0.79315,-0.32677,-0.24412,1,0,0,1,0,0
0.59902,0.31575,-0.52108,0,0,1,1,0,0
0.89021,-0.026013,-0.44607,1,0,0,1,0,0
0.19782,0.024113,2.2139,1,0,0,1,0,0
0.19782,2.1066,2.4043,1,0,0,0,1,0
0.19782,2.535,0.99642,0,1,0,1,0,0
0.19782,-0.45436,-0.65379,1,0,0,1,0,0
0.24959,0.024113,0.06169,1,0,0,1,0,0
0.98728,-0.38145,-0.31336,1,0,0,1,0,0
0.29489,0.037783,0.21748,1,0,0,1,0,0
1.0843,0.014999,-0.24412,1,0,0,1,0,0
0.29489,-0.17639,-0.053709,1,0,0,1,0,0
0.29489,-0.45436,-0.40568,1,0,0,1,0,0
0.34666,-0.45436,-0.40568,1,0,0,1,0,0
1.2785,-0.65486,-0.65956,1,0,0,1,0,0
1.2785,-0.5136,-0.48069,1,0,0,1,0,0
0.89021,-0.33132,-0.24989,0,0,1,1,0,0
0.39195,1.2362,-0.39414,1,0,0,1,0,0
0.39195,-0.53638,-0.50954,1,0,0,1,0,0
0.39195,0.25196,0.31557,1,0,0,1,0,0
0.39195,-0.35867,-0.28451,1,0,0,1,0,0
0.93875,0.34309,0.60407,0,0,1,1,0,0
0.44048,3.7106,-0.22681,1,0,0,1,0,0
0.44048,-0.12626,-0.95382,1,0,0,1,0,0
0.44048,-0.13538,-0.93074,1,0,0,1,0,0
0.44048,-0.41791,-0.61917,1,0,0,1,0,0
0.98728,0.14259,0.35019,0,0,1,0,1,0
1.4726,-0.38145,-0.31336,1,0,0,1,0,0
1.0358,1.2089,0.14247,0,0,1,1,0,0
1.0358,0.34309,0.06746,0,0,1,1,0,0
1.0843,-0.25841,-0.52108,0,0,1,0,1,0
0.58608,-0.61385,-0.60763,1,0,0,1,0,0
0.58608,-0.53638,0.54637,1,0,0,1,0,0
0.58608,1.2362,1.735,1,0,0,1,0,0
0.58608,-0.45892,-0.41145,1,0,0,1,0,0
0.58608,-1.0468,-1.1558,0,1,0,1,0,0
0.58608,1.9289,2.612,1,0,0,0,1,0
0.58608,0.25651,-0.73456,1,0,0,1,0,0
0.58608,-0.59562,-0.58455,1,0,0,1,0,0
1.1329,1.2089,-0.33067,0,0,1,1,0,0
0.62167,-0.61385,1.3599,1,0,0,1,0,0
0.62167,-0.12171,3.1775,1,0,0,1,0,0
0.68314,0.25651,0.49444,1,0,0,1,0,0
0.74138,0.57094,0.99642,0,1,0,1,0,0
0.74138,1.9289,2.4043,1,0,0,1,0,0
0.74138,-0.58195,-0.56724,1,0,0,1,0,0
0.84168,1.0221,-0.28451,1,0,0,1,0,0
1.3755,-0.56828,-0.54993,0,0,1,0,1,0
0.88698,-0.81891,-0.86727,1,0,0,1,0,0
0.93875,-0.53183,-0.50377,1,0,0,1,0,0
0.93875,-0.42702,-0.37106,1,0,0,1,0,0
0.93875,-0.55917,-0.53839,1,0,0,1,0,0
0.93875,-0.99663,-1.0923,1,0,0,1,0,0
0.98728,0.75777,-0.95382,1,0,0,1,0,0
0.98728,-0.86904,-0.93074,1,0,0,1,0,0
0.98728,-0.62297,-0.61917,1,0,0,1,0,0
1.0358,-0.08981,0.055921,1,0,0,1,0,0
1.0843,-0.15361,-0.53839,1,0,0,1,0,0
1.0843,-0.13994,0.54637,1,0,0,1,0,0
1.0843,-0.52727,-0.498,1,0,0,1,0,0
1.0843,-0.60474,-0.87304,1,0,0,1,0,0
1.0843,-0.10804,0.032841,1,0,0,0,1,0
1.0843,-0.81435,-0.8615,0,1,0,1,0,0
1.0843,-0.85537,-0.91343,1,0,0,1,0,0
1.1329,-1.0513,0.17709,1,0,0,1,0,0
1.1329,0.4798,0.77717,0,1,0,1,0,0
1.8609,-0.56828,-0.54993,0,0,1,1,0,0
1.1329,0.76233,1.1349,1,0,0,1,0,0
1.1329,0.30664,0.55791,1,0,0,1,0,0
1.1814,-0.21285,-0.099869,0,1,0,1,0,0
1.2299,-1.0103,-1.1096,1,0,0,1,0,0
1.2299,-0.60474,-0.59609,0,1,0,1,0,0
1.2299,1.6145,2.2139,1,0,0,1,0,0
1.2299,-0.52727,-0.498,0,1,0,0,1,0
1.2299,-0.64119,-0.64225,1,0,0,1,0,0
1.2785,-0.13994,-0.37683,0,1,0,1,0,0
1.2785,-0.085253,0.06169,1,0,0,1,0,0
1.327,-0.35867,-0.28451,1,0,0,1,0,0
1.327,-0.13994,0.71947,1,0,0,1,0,0
1.382,-0.69588,-0.71148,1,0,0,1,0,0
1.4305,-0.47259,-0.42876,1,0,0,1,0,0
1.4305,0.42056,-0.50377,1,0,0,1,0,0
1.4305,-0.47715,-0.43453,1,0,0,1,0,0
1.4305,0.92182,-0.37106,1,0,0,1,0,0
1.4305,-0.49993,-0.46338,1,0,0,1,0,0
1.4305,-0.53638,-0.50954,0,1,0,1,0,0
1.4726,-0.3131,-0.22681,1,0,0,1,0,0
1.4726,-0.86904,-0.93074,1,0,0,1,0,0
1.4726,-0.88271,-0.95382,1,0,0,1,0,0
1.5761,-0.55917,-0.53839,1,0,0,1,0,0
1.5761,-0.82347,-0.87304,1,0,0,0,0,1
1.7638,-0.080696,-0.37683,0,1,0,1,0,0
1.9579,-0.3131,-0.22681,1,0,0,1,0,0
1.9579,-0.86904,-0.93074,1,0,0,1,0,0
-1.5364,-0.8098,-0.85573,0,0,1,1,0,0
-1.5364,-0.14905,-0.019089,0,0,1,1,0,0
-1.4393,-0.29031,-0.19796,0,0,1,0,0,1
-1.4393,-0.8098,-0.85573,0,0,1,1,0,0
-1.8308,-0.63664,-0.63648,1,0,0,1,0,0
-1.8308,-0.30854,-0.22104,1,0,0,1,0,0
-1.1481,0.30664,0.55791,1,0,0,1,0,0
-1.1481,-0.15816,-0.030629,1,0,0,1,0,0
-1.0511,1.815,2.4678,1,0,0,1,0,0
-1.7337,0.4798,0.77717,1,0,0,0,0,1
-1.7337,-1.0376,-1.1442,1,0,0,1,0,0
-0.954,0.73954,1.1061,1,0,0,1,0,0
-1.6367,0.15626,0.3675,1,0,0,0,0,1
-1.6367,-1.0923,-1.2135,0,1,0,1,0,0
-1.5882,0.092466,0.28672,0,1,0,1,0,0
-1.5882,-0.93283,-1.0115,1,0,0,1,0,0
-0.85694,0.73954,-0.27874,1,0,0,1,0,0
-1.5396,0.15626,-0.70571,1,0,0,0,0,1
-1.5396,0.75777,1.1291,1,0,0,1,0,0
-1.5396,0.0013281,0.17132,1,0,0,1,0,0
-1.5396,-0.026013,0.1367,1,0,0,1,0,0
-1.0511,-0.60929,-0.60186,0,0,1,1,0,0
-1.0025,1.0038,1.4407,0,0,1,1,0,0
-0.90547,-0.21285,-0.33644,0,0,1,1,0,0
-1.4911,0.88081,1.2849,1,0,0,1,0,0
-1.4911,-0.61841,-0.6134,1,0,0,1,0,0
-1.4911,-0.30854,-0.22104,1,0,0,1,0,0
-1.4911,-0.345,-0.2672,1,0,0,1,0,0
-1.4426,-0.47715,-0.43453,0,1,0,1,0,0
-1.4426,0.66663,-0.56724,0,1,0,1,0,0
-1.4426,-0.29487,-0.20373,1,0,0,1,0,0
-1.4426,0.060568,-0.67109,1,0,0,1,0,0
-0.8084,-0.19006,-0.27297,0,0,1,1,0,0
-1.394,-0.41335,-0.35375,1,0,0,1,0,0
-0.71134,1.701,2.3235,0,0,1,1,0,0
-1.3455,0.36132,0.97334,1,0,0,1,0,0
-1.297,0.019556,0.1944,1,0,0,0,0,1
-1.297,-0.30854,-0.36529,1,0,0,1,0,0
-1.2484,-1.0604,-0.73456,1,0,0,1,0,0
-1.2484,-0.044241,0.11362,1,0,0,1,0,0
-1.2484,-0.15816,-0.65379,1,0,0,1,0,0
-0.61428,-0.43158,-0.35952,0,0,1,1,0,0
-1.1999,-0.18095,-0.13449,1,0,0,1,0,0
-1.1384,0.4798,0.77717,1,0,0,0,0,1
-1.1384,-0.039684,0.11939,1,0,0,1,0,0
-0.22602,-0.51816,-0.51531,1,0,0,1,0,0
-1.0996,-0.8417,-0.89612,1,0,0,1,0,0
-0.17749,-0.51816,0.67331,1,0,0,1,0,0
-1.0511,-0.039684,0.27518,1,0,0,1,0,0
-0.42015,0.11525,-0.37683,0,0,1,1,0,0
-1.0025,-0.42702,-0.50954,1,0,0,0,0,1
-1.0025,-0.95106,-1.0346,1,0,0,1,0,0
-1.0025,-0.0077857,-0.50377,1,0,0,1,0,0
-1.0025,0.72587,1.0887,1,0,0,1,0,0
-1.0025,-0.8417,-0.89612,1,0,0,1,0,0
-1.0025,0.13348,0.33865,0,1,0,1,0,0
-0.954,0.13348,0.33865,0,1,0,1,0,0
-0.90547,-0.42246,-0.36529,0,1,0,1,0,0
-0.85694,-0.45892,-0.64802,1,0,0,0,0,1
-0.85694,-0.0077857,0.97334,1,0,0,1,0,0
-0.85694,0.092466,0.28672,1,0,0,1,0,0
-0.8084,0.63474,-0.45761,1,0,0,0,0,1
-0.8084,-0.071582,-0.70571,1,0,0,1,0,0
-0.8084,0.11525,-0.63071,1,0,0,1,0,0
-0.8084,0.024113,0.20017,1,0,0,1,0,0
-0.8084,-0.28576,-0.36529,1,0,0,1,0,0
0.1137,-0.50904,-0.68263,1,0,0,1,0,0
-0.12896,-0.5455,-0.35952,0,0,1,1,0,0
-0.75987,2.617,3.4833,1,0,0,1,0,0
-0.75987,-0.52727,-0.65379,1,0,0,1,0,0
-0.71134,0.092466,-0.0075491,1,0,0,1,0,0
-0.71134,-0.70043,-0.74033,1,0,0,1,0,0
-0.66281,0.005885,0.17709,1,0,0,0,0,1
0.016639,-0.5136,-0.48069,0,0,1,1,0,0
0.016639,-0.70955,-0.72879,0,0,1,0,0,1
0.2593,-0.51816,-0.51531,1,0,0,1,0,0
-0.61428,-0.42702,-0.37106,1,0,0,0,0,1
0.30783,-0.51816,0.67331,1,0,0,1,0,0
0.1137,-0.55461,-0.53262,0,0,1,1,0,0
-0.51721,-0.42702,-0.50954,1,0,0,0,0,1
-0.51721,0.16993,-0.53839,1,0,0,1,0,0
0.16223,-0.82803,-0.87881,0,0,1,1,0,0
-0.51721,-0.33132,-0.50377,1,0,0,0,0,1
-0.51721,2.617,3.4833,1,0,0,1,0,0
0.21077,-0.52271,-0.49223,0,0,1,1,0,0
-0.46868,-0.50449,-0.56724,0,1,0,1,0,0
-0.46868,0.14715,0.35596,1,0,0,1,0,0
0.45343,-0.035127,0.12516,1,0,0,1,0,0
-0.46868,0.83524,-0.72302,1,0,0,1,0,0
-0.46868,-0.51816,0.63869,0,1,0,1,0,0
0.2593,-0.89638,-0.3826,0,0,1,1,0,0
-0.42015,-0.44069,0.26941,1,0,0,1,0,0
0.50196,-0.035127,-0.46915,1,0,0,1,0,0
-0.37162,-0.79613,-0.64802,1,0,0,0,0,1
-0.37162,-0.33132,0.97334,1,0,0,1,0,0
-0.37162,0.38411,0.050151,1,0,0,1,0,0
0.30783,-0.62752,-0.62494,0,0,1,1,0,0
-0.32309,-0.63664,-0.63648,1,0,0,1,0,0
0.64755,-0.40879,-0.34798,1,0,0,1,0,0
-0.27455,-0.50904,-0.73456,1,0,0,1,0,0
-0.27455,2.617,3.4833,1,0,0,1,0,0
-0.27455,-1.2883,-0.65379,1,0,0,1,0,0
-0.17749,0.11981,0.32134,1,0,0,1,0,0
-0.17749,-0.43158,0.12516,1,0,0,1,0,0
0.50196,0.63929,0.97911,0,0,1,1,0,0
-0.17749,-0.70043,-0.71725,1,0,0,1,0,0
-0.17749,-1.1333,-0.84996,1,0,0,1,0,0
0.79315,0.39778,0.67331,1,0,0,0,0,1
-0.12896,-1.2928,-1.4674,1,0,0,1,0,0
0.79315,-0.36778,-0.29605,1,0,0,1,0,0
-0.031893,-0.067025,-0.50954,1,0,0,1,0,0
0.64755,-0.82803,-0.87881,0,0,1,1,0,0
-0.031893,0.36588,-0.59609,1,0,0,1,0,0
-0.031893,0.046897,0.044381,1,0,0,1,0,0
-0.031893,1.0585,1.51,1,0,0,1,0,0
-0.0092452,0.69398,1.0484,1,0,0,1,0,0
1.2785,0.39778,0.67331,1,0,0,1,0,0
1.2785,-0.0032288,-0.35952,1,0,0,1,0,0
1.2785,-0.49082,-0.45184,1,0,0,1,0,0
1.2785,-0.36778,-0.29605,1,0,0,1,0,0
0.89021,-0.52271,-0.49223,0,0,1,1,0,0
0.89021,0.36132,0.62715,0,0,1,1,0,0
1.5697,-0.67309,-0.68263,1,0,0,1,0,0
1.5697,-0.35411,-0.27874,1,0,0,1,0,0
0.98728,-1.0513,-0.48646,0,0,1,1,0,0
1.7638,-0.41791,-0.35952,1,0,0,1,0,0
1.7638,-0.49082,-0.45184,1,0,0,1,0,0
0.065171,-0.19462,0.64446,1,0,0,1,0,0
1.7638,-0.36778,-0.29605,1,0,0,1,0,0
0.065171,-0.62752,-0.52685,0,1,0,1,0,0
1.0843,-0.55461,-0.53262,0,0,1,1,0,0
0.14606,0.37499,0.97334,1,0,0,1,0,0
0.14606,-0.11715,0.050151,1,0,0,1,0,0
1.1329,0.99929,-0.27297,0,0,1,1,0,0
1.1329,-0.59562,-0.58455,0,0,1,0,0,1
0.19459,-0.70955,-0.72879,1,0,0,1,0,0
1.2299,-0.16728,-0.3826,0,0,1,1,0,0
0.24312,-0.70955,-0.73456,1,0,0,1,0,0
1.2299,-0.54094,-0.51531,0,0,1,1,0,0
0.24312,-0.044241,-0.65379,1,0,0,1,0,0
0.24312,-0.044241,-0.65379,1,0,0,1,0,0
0.29165,-0.62752,-0.62494,1,0,0,1,0,0
0.29165,-1.3475,-1.5366,1,0,0,1,0,0
0.29165,-0.2174,-0.67686,1,0,0,1,0,0
0.29165,0.84891,-0.2672,1,0,0,1,0,0
0.34018,-0.44525,-0.39414,1,0,0,1,0,0
0.34018,-0.46347,0.88103,1,0,0,0,0,1
0.38872,-0.5774,0.11939,1,0,0,1,0,0
0.38872,0.26107,-0.26143,1,0,0,1,0,0
0.38872,2.1613,2.9063,1,0,0,1,0,0
0.38872,0.10614,0.30403,1,0,0,0,1,0
0.43725,0.67119,1.0195,1,0,0,0,0,1
0.43725,-0.60474,-0.59609,1,0,0,1,0,0
0.43725,-0.29943,-0.2095,1,0,0,1,0,0
0.43725,-0.13538,0.08477,1,0,0,1,0,0
0.58284,0.32942,0.58676,1,0,0,1,0,0
0.58284,-0.42702,-0.37106,1,0,0,1,0,0
0.58284,0.21094,0.43674,1,0,0,1,0,0
0.61843,-0.46803,0.26941,1,0,0,1,0,0
0.61843,-0.76423,-0.52685,0,1,0,1,0,0
0.74138,0.776,1.1522,1,0,0,0,0,1
0.74138,-0.5136,-0.48069,1,0,0,1,0,0
0.74138,-0.27209,-0.17488,1,0,0,1,0,0
0.74138,-1.0604,-1.1731,1,0,0,1,0,0
0.79315,-0.65031,-0.65379,1,0,0,1,0,0
0.84168,-1.3475,-1.5366,1,0,0,1,0,0
0.84168,0.42056,0.70793,1,0,0,1,0,0
0.84168,-0.14905,-0.019089,1,0,0,1,0,0
0.84168,-0.66853,-0.67686,1,0,0,1,0,0
0.93875,-0.53638,-0.50954,1,0,0,1,0,0
0.93875,-0.13994,1.0022,0,1,0,1,0,0
0.98728,0.776,-0.35375,1,0,0,1,0,0
0.98728,0.83524,1.2272,0,1,0,1,0,0
1.0843,0.32942,-0.30182,1,0,0,1,0,0
1.0843,-0.12171,0.015531,1,0,0,1,0,0
1.0843,-0.37234,-0.30182,1,0,0,1,0,0
1.1329,0.078795,0.26941,1,0,0,1,0,0
1.1329,-0.55006,-0.52685,0,1,0,1,0,0
1.1814,0.63474,0.97334,1,0,0,1,0,0
1.2299,-0.14905,-0.46915,1,0,0,1,0,0
1.2299,-0.27209,-0.17488,1,0,0,1,0,0
1.327,-0.067025,0.08477,1,0,0,1,0,0
1.327,-0.57284,-0.5557,1,0,0,1,0,0
1.327,0.42512,0.70793,1,0,0,1,0,0
1.327,-0.14905,-0.019089,1,0,0,1,0,0
1.327,-0.4498,-0.2672,1,0,0,1,0,0
1.4241,-0.62297,-0.61917,1,0,0,1,0,0
1.4241,-0.53638,-0.50954,1,0,0,1,0,0
1.4726,-0.29943,0.08477,1,0,0,1,0,0
1.4726,0.83524,1.2272,0,1,0,1,0,0
1.5697,-0.26753,-0.16911,1,0,0,1,0,0
1.5697,-0.60018,-0.36529,1,0,0,1,0,0
1.5697,-0.37234,-0.30182,1,0,0,1,0,0
1.5697,-0.49993,-0.46338,1,0,0,1,0,0
1.6667,-0.62297,-0.64802,1,0,0,1,0,0
1.6667,0.63474,0.97334,1,0,0,1,0,0
1.7638,1.4048,1.9485,1,0,0,1,0,0
1.9579,-0.55461,-0.53262,1,0,0,1,0,0
1.9579,0.83524,1.2272,0,1,0,1,0,0
-1.7305,-0.13082,0.0039908,0,0,1,1,0,0
-1.6334,0.75777,-0.54993,1,0,0,1,0,0
-1.5364,-0.89182,-0.67109,1,0,0,1,0,0
-1.5364,-0.13082,0.0039908,0,0,1,1,0,0
-1.8308,-0.73233,-0.60763,0,1,0,1,0,0
-1.7337,-0.90094,-0.97113,1,0,0,1,0,0
-1.4393,-0.59107,-0.57878,0,0,1,1,0,0
-1.7337,-0.59562,-0.3249,1,0,0,1,0,0
-1.7337,-0.75967,-0.22681,0,1,0,1,0,0
-1.3423,-0.89182,-0.95959,1,0,0,1,0,0
-1.1481,0.31575,-0.57878,1,0,0,1,0,0
-1.1481,-0.41791,-0.35952,0,0,1,1,0,0
-1.6367,-0.61385,-0.60763,1,0,0,1,0,0
-1.6367,-0.46347,-0.41722,1,0,0,1,0,0
-1.0996,0.56183,0.88103,0,0,1,1,0,0
-1.5882,-0.75512,-0.78649,1,0,0,1,0,0
-1.0511,-0.13082,0.0039908,0,0,1,1,0,0
-1.5461,-0.7141,-0.73456,0,1,0,1,0,0
-1.5461,-0.012343,0.15401,0,1,0,1,0,0
-1.0025,-0.19006,-0.071019,0,0,1,1,0,0
-0.85694,-0.89182,-0.95959,1,0,0,1,0,0
-1.0025,-0.13082,0.0039908,0,0,1,1,0,0
-1.4976,-0.61385,-0.60763,1,0,0,1,0,0
-1.4976,0.73499,-0.80957,1,0,0,1,0,0
-1.4976,-0.048798,0.10785,0,1,0,1,0,0
-1.4976,-0.20373,-0.088329,1,0,0,1,0,0
-1.4976,-0.46347,-0.41722,1,0,0,1,0,0
-0.954,-0.59107,-0.57878,0,0,1,1,0,0
-1.449,-1.1151,-1.2423,0,1,0,1,0,0
-1.449,-0.36322,-0.72302,1,0,0,1,0,0
-1.449,-0.90549,-0.82111,1,0,0,1,0,0
-1.449,-0.89638,-0.96536,1,0,0,1,0,0
-1.449,-0.20373,-0.60763,1,0,0,1,0,0
-0.90547,-0.63664,-0.63648,0,0,1,0,1,0
-1.4005,-0.72777,-0.59609,1,0,0,1,0,0
-1.4005,-0.75056,-0.27297,1,0,0,1,0,0
-1.4005,-0.91916,-0.25566,1,0,0,1,0,0
-1.4005,-0.22652,-0.11718,0,1,0,1,0,0
-1.4005,-0.15816,-0.29605,1,0,0,1,0,0
-0.85694,0.56183,-0.70571,0,0,1,1,0,0
-1.3487,-0.90094,-0.48646,1,0,0,1,0,0
-1.3487,-0.89638,-0.96536,1,0,0,1,0,0
-1.3487,-0.72777,-0.75187,0,1,0,1,0,0
-1.3002,-0.67309,-0.53262,1,0,0,1,0,0
-1.3002,0.14259,-0.61917,1,0,0,1,0,0
-1.3002,-0.22652,-0.50954,0,1,0,1,0,0
-0.56575,-0.89182,-0.67109,1,0,0,1,0,0
-0.75987,-0.13082,0.0039908,0,0,1,1,0,0
-1.2517,-0.37234,-0.30182,1,0,0,1,0,0
-1.2517,-0.90549,-0.9769,1,0,0,1,0,0
-1.2031,-0.90549,-0.60186,1,0,0,1,0,0
-1.2031,-0.90549,-0.60186,1,0,0,1,0,0
-1.2031,-0.90549,-0.60186,1,0,0,1,0,0
-1.2031,-0.90549,-0.60186,1,0,0,1,0,0
-1.2031,-0.90549,-0.60186,1,0,0,1,0,0
-1.2031,-0.16728,-0.042169,1,0,0,1,0,0
-1.2031,-0.67309,-0.68263,1,0,0,1,0,0
-1.2031,0.71676,1.0772,1,0,0,1,0,0
-1.2031,0.71676,1.0772,1,0,0,1,0,0
-1.2031,0.71676,1.0772,1,0,0,1,0,0
-1.1514,-0.16728,-0.34798,1,0,0,1,0,0
-1.1514,-0.37234,-0.3249,1,0,0,1,0,0
-1.1514,1.3,-0.23258,1,0,0,1,0,0
-0.61428,-0.048798,0.10785,0,0,1,1,0,0
-1.1061,-0.90549,-0.9769,1,0,0,0,1,0
-1.1061,-0.14449,-0.013319,1,0,0,1,0,0
-1.1061,-0.93283,-1.0115,1,0,0,1,0,0
-1.1061,-0.13082,0.0039908,1,0,0,1,0,0
-0.37162,-0.89182,-0.95959,1,0,0,1,0,0
-1.0575,-0.15816,-0.68263,1,0,0,1,0,0
-1.0575,-0.33132,0.52329,1,0,0,1,0,0
-0.51721,-0.19006,-0.48069,0,0,1,1,0,0
-0.51721,-0.13082,0.0039908,0,0,1,1,0,0
-1.009,0.23829,-0.52685,1,0,0,1,0,0
-1.009,-0.15816,-0.030629,1,0,0,1,0,0
-0.96047,0.26107,-0.45761,1,0,0,1,0,0
-0.22602,0.39322,-0.28451,1,0,0,1,0,0
-0.42015,0.74866,1.1176,0,0,1,1,0,0
-0.91194,0.44335,0.73101,1,0,0,1,0,0
-0.91194,-0.72777,-0.75187,1,0,0,1,0,0
-0.91194,-0.33132,-0.82111,1,0,0,1,0,0
-0.91194,0.65296,0.99642,1,0,0,1,0,0
-0.37162,-0.60018,-0.70571,0,0,1,1,0,0
-0.86341,0.11981,-0.48069,1,0,0,1,0,0
-0.86341,-0.12171,0.015531,0,1,0,1,0,0
-0.86341,-0.27664,-0.56724,1,0,0,1,0,0
-0.86341,-0.69588,0.027071,1,0,0,1,0,0
-0.32309,-0.63664,-0.63648,0,0,1,1,0,0
-0.12896,-0.89182,0.12516,1,0,0,1,0,0
-0.81488,1.3183,-0.059479,1,0,0,1,0,0
-0.080425,-0.89182,-0.67109,1,0,0,1,0,0
-0.27455,-0.14905,-0.28451,0,0,1,1,0,0
-0.76634,-0.65486,-0.53262,1,0,0,1,0,0
-0.76634,0.42968,-0.60763,0,1,0,1,0,0
-0.031893,-0.28576,3.5641,1,0,0,1,0,0
-0.71781,1.1998,1.6888,0,1,0,1,0,0
-0.71781,-0.60018,-0.59032,1,0,0,1,0,0
-0.66928,0.7441,1.1118,1,0,0,1,0,0
-0.12896,-0.048798,0.10785,0,0,1,1,0,0
-0.62075,-0.74144,-0.23258,1,0,0,1,0,0
-0.57222,-0.70499,-0.72302,0,1,0,1,0,0
-0.52368,-0.15816,-0.68263,1,0,0,1,0,0
-0.52368,-0.33132,0.52329,1,0,0,1,0,0
-0.52368,0.42968,0.51175,0,1,0,1,0,0
0.016639,-0.42246,-0.36529,0,0,1,1,0,0
-0.47515,-0.15816,-0.60186,1,0,0,1,0,0
-0.42662,3.4828,0.52906,1,0,0,1,0,0
-0.42662,0.40689,0.68485,1,0,0,1,0,0
0.30783,-0.18095,-0.54993,1,0,0,1,0,0
0.30783,1.2271,-0.57878,1,0,0,1,0,0
-0.37809,-0.15816,-0.72302,1,0,0,1,0,0
-0.37809,0.59372,-0.60763,1,0,0,1,0,0
-0.37809,-0.33132,-0.82111,1,0,0,1,0,0
-0.37809,-0.8417,-0.89612,1,0,0,1,0,0
-0.37809,0.18816,0.40789,1,0,0,1,0,0
-0.37809,-0.24474,-0.60763,1,0,0,1,0,0
0.16223,-0.03057,-0.22681,0,0,1,1,0,0
0.35636,-0.035127,0.12516,1,0,0,1,0,0
-0.32956,1.66,2.2716,1,0,0,1,0,0
-0.32956,1.496,-0.48069,1,0,0,1,0,0
-0.32956,3.0499,4.0314,0,1,0,1,0,0
-0.32956,-0.31765,-0.56724,1,0,0,1,0,0
-0.32956,-0.24474,0.027071,1,0,0,1,0,0
0.21077,-0.36322,-0.28451,0,0,1,1,0,0
-0.28102,-0.094367,-0.059479,1,0,0,1,0,0
0.2593,-0.63208,-0.50954,0,0,1,1,0,0
-0.23249,1.1998,1.6888,0,1,0,1,0,0
-0.23249,-0.37234,-0.013319,1,0,0,1,0,0
-0.23249,0.78511,-0.42876,1,0,0,1,0,0
-0.23249,-0.33132,0.032841,1,0,0,1,0,0
-0.23249,-0.35411,-0.27874,1,0,0,1,0,0
-0.23249,-0.24474,-0.14026,1,0,0,1,0,0
0.30783,0.14259,0.1944,0,0,1,1,0,0
-0.1872,2.134,2.8717,0,1,0,1,0,0
-0.1872,-0.33132,-0.24989,1,0,0,1,0,0
-0.1419,-0.15816,-0.59609,0,1,0,1,0,0
-0.1419,-0.35867,2.3697,1,0,0,1,0,0
-0.1419,-0.35867,2.3697,1,0,0,1,0,0
-0.1419,-0.16728,-0.042169,1,0,0,1,0,0
-0.1419,-0.16728,-0.042169,1,0,0,1,0,0
-0.1419,-0.16728,-0.042169,1,0,0,1,0,0
0.40489,-0.36322,-0.3826,0,0,1,1,0,0
-0.099838,-0.74144,-0.34798,1,0,0,1,0,0
-0.099838,-0.34955,0.27518,1,0,0,1,0,0
-0.099838,-1.1789,-0.3249,1,0,0,1,0,0
-0.099838,-0.0077857,-0.23258,1,0,0,1,0,0
0.45343,-0.39968,-0.33644,0,0,1,1,0,0
0.45343,-0.36322,0.29826,0,0,1,1,0,0
-0.051306,-0.24474,0.66754,1,0,0,1,0,0
-0.051306,0.092466,-0.52108,1,0,0,1,0,0
-0.051306,0.78967,1.1695,1,0,0,1,0,0
-0.051306,-0.27664,-0.10564,0,1,0,1,0,0
-0.051306,0.18816,0.044381,1,0,0,1,0,0
-0.051306,-0.35411,-0.62494,1,0,0,1,0,0
0.50196,-0.48626,-0.44607,0,0,1,1,0,0
0.50196,-0.42246,-0.36529,0,0,1,1,0,0
0.74462,-0.47715,-0.28451,1,0,0,1,0,0
0.55049,0.84891,-0.52108,0,0,1,1,0,0
0.55049,-0.067025,1.2041,0,0,1,1,0,0
0.55049,-0.36322,0.06169,0,0,1,1,0,0
-0.0092452,-0.35867,-0.28451,1,0,0,1,0,0
0.64755,-0.53183,-0.50377,0,0,1,1,0,0
0.032816,-0.1855,-0.51531,0,1,0,1,0,0
0.89021,-0.66398,-0.67109,1,0,0,1,0,0
0.081348,0.36132,0.62715,1,0,0,1,0,0
0.081348,-0.2174,0.21748,0,1,0,1,0,0
0.081348,-0.2174,0.21748,0,1,0,1,0,0
0.081348,-0.0077857,1.233,1,0,0,1,0,0
0.69609,-0.45436,-0.28451,0,0,1,1,0,0
0.12988,0.56183,-0.024859,1,0,0,1,0,0
0.12988,1.6145,0.61561,1,0,0,1,0,0
0.17518,0.96739,0.40789,1,0,0,1,0,0
0.17518,-0.16272,-0.036399,1,0,0,1,0,0
0.17518,-0.16728,0.40789,1,0,0,1,0,0
0.17518,1.0585,1.51,1,0,0,1,0,0
0.17518,0.23373,0.90988,1,0,0,1,0,0
0.79315,0.14259,0.1944,0,0,1,1,0,0
0.22047,0.78967,0.32711,1,0,0,1,0,0
0.22047,0.04234,-0.48069,1,0,0,1,0,0
0.22047,0.46613,1.1407,0,1,0,1,0,0
0.22047,0.73954,-0.41145,1,0,0,1,0,0
0.22047,0.73954,-0.41145,1,0,0,1,0,0
0.22047,0.23373,-0.56724,1,0,0,1,0,0
0.22047,2.4757,0.027071,1,0,0,0,1,0
1.1814,-0.098923,0.044381,1,0,0,1,0,0
0.2593,2.6124,-0.48646,1,0,0,1,0,0
1.2785,-0.59107,-0.57878,1,0,0,1,0,0
0.29165,-0.79613,-0.83842,0,1,0,1,0,0
0.29165,-0.68221,1.031,1,0,0,1,0,0
0.29165,-0.03057,1.9369,1,0,0,1,0,0
0.34342,0.53448,3.7314,1,0,0,1,0,0
0.34342,-0.70499,-0.72302,1,0,0,1,0,0
0.34342,1.8469,10.032,1,0,0,1,0,0
0.34342,0.96283,1.3888,1,0,0,1,0,0
0.34342,-0.15816,-0.059479,0,1,0,1,0,0
0.98728,-0.48626,-0.44607,0,0,1,1,0,0
1.0358,0.81701,1.2041,0,0,1,1,0,0
1.7638,-0.59107,-0.57878,1,0,0,1,0,0
1.1329,0.8079,1.1926,0,0,1,1,0,0
0.43401,0.26563,0.52906,1,0,0,1,0,0
0.43401,-1.0969,-1.2192,0,1,0,1,0,0
0.43401,-0.58651,-0.57301,0,1,0,1,0,0
1.1814,-0.92372,-0.28451,0,0,1,1,0,0
0.48578,0.92182,0.48867,1,0,0,1,0,0
0.48578,-0.076139,0.07323,0,1,0,1,0,0
0.48578,-0.70499,-0.72302,1,0,0,1,0,0
0.48578,-0.22196,-0.0075491,0,1,0,1,0,0
0.48578,4.0706,2.5947,1,0,0,1,0,0
0.48578,1.2909,1.8042,1,0,0,1,0,0
0.48578,-1.2883,-1.4616,0,1,0,1,0,0
1.2785,0.14259,0.1944,0,0,1,1,0,0
0.58284,-0.58651,-0.019089,1,0,0,1,0,0
0.58284,-0.14905,-0.019089,1,0,0,1,0,0
0.58284,0.75777,-0.37683,1,0,0,1,0,0
0.58284,0.95827,-0.030629,1,0,0,1,0,0
0.63785,-0.77334,-0.80957,1,0,0,1,0,0
0.63785,-0.64575,-0.64802,1,0,0,1,0,0
0.63785,0.75777,-0.27297,1,0,0,1,0,0
0.67991,1.0449,0.39058,1,0,0,1,0,0
0.67991,0.29297,0.5406,0,1,0,1,0,0
0.67991,0.29297,0.5406,1,0,0,1,0,0
0.67991,0.76689,1.1407,1,0,0,1,0,0
1.4726,-0.42246,-0.36529,0,0,1,0,1,0
0.72844,-0.61841,-0.6134,0,1,0,1,0,0
0.72844,0.95372,1.3772,1,0,0,1,0,0
0.72844,-0.50904,-0.47492,1,0,0,1,0,0
0.77697,0.29297,-0.57301,0,1,0,1,0,0
0.77697,0.59372,0.92142,0,1,0,1,0,0
0.77697,2.576,-0.53262,0,1,0,1,0,0
0.8255,-1.0604,-0.53839,1,0,0,1,0,0
0.8255,1.0403,1.4869,1,0,0,0,1,0
0.8255,-0.65942,-0.66532,1,0,0,1,0,0
0.8255,0.75321,-0.74033,1,0,0,1,0,0
0.8255,0.37044,0.63869,1,0,0,1,0,0
1.6667,-0.35867,-0.28451,0,0,1,1,0,0
0.87404,-0.60929,-0.51531,1,0,0,1,0,0
0.87404,-1.0604,-1.1731,1,0,0,1,0,0
0.87404,0.93549,1.3542,1,0,0,1,0,0
0.87404,-0.50904,-0.67686,1,0,0,0,1,0
0.87404,1.3957,1.9369,0,1,0,1,0,0
0.87404,0.76689,1.1407,0,1,0,1,0,0
0.87404,-0.55461,-0.53262,1,0,0,1,0,0
0.93227,-0.0077857,-0.46338,1,0,0,1,0,0
0.93227,-1.0604,-0.4403,1,0,0,1,0,0
0.93227,0.29297,-0.5557,1,0,0,1,0,0
0.93227,0.35221,-0.51531,1,0,0,1,0,0
0.93227,-0.43158,-0.37683,1,0,0,1,0,0
0.93227,1.3957,1.9369,0,1,0,1,0,0
0.93227,0.95827,1.383,1,0,0,1,0,0
0.93227,-0.61385,-0.60763,1,0,0,1,0,0
0.93227,0.7441,1.1118,1,0,0,1,0,0
1.9579,-0.48626,-0.44607,0,0,1,1,0,0
1.9579,-0.42246,-0.36529,0,0,1,1,0,0
0.98081,1.6737,2.2889,1,0,0,1,0,0
1.0293,-0.0077857,-0.39991,1,0,0,1,0,0
1.0293,-0.44525,-0.39414,1,0,0,1,0,0
1.0779,0.0013281,-0.019089,1,0,0,1,0,0
1.1749,-0.62752,0.21748,0,1,0,1,0,0
1.1749,-0.15816,0.39058,1,0,0,1,0,0
1.1749,0.0013281,0.17132,1,0,0,1,0,0
1.1749,1.3957,1.9369,0,1,0,1,0,0
1.2235,-0.50904,-0.39414,1,0,0,1,0,0
1.2235,0.76689,-0.37106,0,1,0,1,0,0
1.272,-0.72322,-0.7461,1,0,0,1,0,0
1.272,-0.45436,-0.40568,0,1,0,1,0,0
1.272,0.0013281,0.17132,1,0,0,1,0,0
1.272,-0.45892,-0.41145,1,0,0,1,0,0
1.272,1.3957,1.9369,0,1,0,1,0,0
1.272,-0.13994,-0.0075491,1,0,0,1,0,0
1.272,0.37044,0.63869,1,0,0,1,0,0
1.3205,2.7537,-0.53839,1,0,0,1,0,0
1.3205,-0.65942,-0.66532,1,0,0,1,0,0
1.3205,-0.080696,2.1158,0,1,0,1,0,0
1.3755,-0.54094,-0.51531,1,0,0,1,0,0
1.3755,0.10614,0.30403,0,1,0,1,0,0
1.4241,-0.54094,-0.51531,1,0,0,1,0,0
1.4241,-0.50904,0.06169,1,0,0,1,0,0
1.4241,-0.61841,-0.6134,1,0,0,1,0,0
1.4241,-0.085253,0.06169,1,0,0,1,0,0
1.4241,-0.47259,-0.42876,1,0,0,1,0,0
1.5697,-0.35867,-0.28451,0,1,0,1,0,0
1.6667,-0.54094,0.21748,0,1,0,1,0,0
1.6667,-0.5455,-0.52108,1,0,0,1,0,0
1.6667,-0.50904,-0.24989,1,0,0,1,0,0
1.7573,-0.54094,-0.51531,0,1,0,1,0,0
1.7573,-0.45892,-0.41145,1,0,0,0,1,0
1.7573,-0.69588,-0.71148,1,0,0,1,0,0
1.7573,-0.47259,-0.42876,1,0,0,0,1,0
1.8609,-0.54094,-0.51531,1,0,0,1,0,0
1.8609,0.5117,0.81756,0,1,0,1,0,0
1.8609,-0.66853,-0.67686,1,0,0,1,0,0
1.8609,-0.55461,-0.53262,1,0,0,1,0,0
-1.7305,-0.55006,-0.52685,0,0,1,1,0,0
-1.7305,0.84435,0.37327,0,0,1,1,0,0
-1.4393,-0.67309,-0.68263,0,0,1,1,0,0
-1.4393,-0.080696,-0.29028,0,0,1,1,0,0
-1.8308,-0.75967,-0.79226,0,1,0,1,0,0
-1.3423,0.27018,-0.27297,1,0,0,1,0,0
-1.8308,-0.75056,-0.78072,0,1,0,1,0,0
-1.8308,-0.92828,-1.0058,1,0,0,1,0,0
-1.7337,-0.92828,-1.0058,1,0,0,1,0,0
-1.7337,-0.59107,-0.57878,1,0,0,1,0,0
-1.7337,-0.20373,-0.088329,1,0,0,1,0,0
-1.2452,-0.55006,-0.52685,0,0,1,1,0,0
-1.0511,0.27018,-0.38837,1,0,0,1,0,0
-1.6367,-0.72777,-0.75187,0,1,0,1,0,0
-1.6367,0.17449,0.39058,1,0,0,1,0,0
-1.5882,-0.65942,-0.66532,1,0,0,0,1,0
-1.5461,-0.95106,-0.69994,1,0,0,1,0,0
-1.5461,-1.0422,-1.15,0,1,0,1,0,0
-1.5461,-0.47259,-0.30759,1,0,0,1,0,0
-1.5461,0.1836,-0.67686,0,1,0,1,0,0
-1.5461,0.13348,0.33865,1,0,0,1,0,0
-0.85694,0.27018,-0.27297,1,0,0,1,0,0
-1.4976,0.42056,-0.23835,1,0,0,1,0,0
-0.954,-0.67309,-0.36529,0,0,1,1,0,0
-1.449,0.81701,1.2041,0,1,0,1,0,0
-1.449,0.25651,0.49444,1,0,0,1,0,0
-0.90547,0.37955,0.65023,0,0,1,1,0,0
-0.71134,0.27018,0.51175,1,0,0,1,0,0
-0.71134,-0.38601,-0.50954,1,0,0,1,0,0
-0.66281,0.74866,0.62715,1,0,0,1,0,0
-0.66281,0.051454,0.079,1,0,0,1,0,0
-1.3487,-0.46347,0.11939,1,0,0,1,0,0
-1.3487,0.005885,-0.50377,1,0,0,0,1,0
-0.8084,-0.67309,-0.68263,0,0,1,1,0,0
-0.8084,0.29753,-0.44607,0,0,1,1,0,0
-1.3002,0.42056,-0.64225,1,0,0,1,0,0
-0.75987,0.2793,0.37327,0,0,1,1,0,0
-1.2517,0.84891,1.2445,1,0,0,1,0,0
-1.2517,-0.60018,-0.59032,1,0,0,1,0,0
-1.2517,-0.70499,-0.72302,1,0,0,1,0,0
-1.2517,-0.65031,-0.57301,1,0,0,1,0,0
-1.2517,0.28841,0.53483,1,0,0,1,0,0
-0.71134,-0.14449,-0.013319,0,0,1,1,0,0
-1.2031,-0.23563,-0.12872,1,0,0,1,0,0
-1.2031,-0.58195,-0.56724,1,0,0,1,0,0
-1.2031,-0.68221,-0.53262,1,0,0,1,0,0
-0.42015,-0.13538,-0.0017791,1,0,0,0,1,0
-1.1514,0.66208,1.008,1,0,0,0,1,0
-1.1514,-0.7779,-0.81534,0,1,0,1,0,0
-1.1514,-0.32677,-0.24412,0,1,0,1,0,0
-1.1514,-0.70499,0.20594,1,0,0,1,0,0
-1.1514,-0.84625,-0.79803,1,0,0,1,0,0
-1.1514,-0.19462,-0.16911,1,0,0,1,0,0
-0.37162,0.74866,-0.27297,1,0,0,1,0,0
-1.1061,6.5815,-0.63071,1,0,0,1,0,0
-1.1061,-0.68676,-0.49223,1,0,0,1,0,0
-0.51721,0.2793,-0.31913,0,0,1,1,0,0
-0.51721,-0.14449,0.055921,0,0,1,1,0,0
-0.46868,0.29753,-0.29028,0,0,1,1,0,0
-0.22602,-0.3131,-0.50954,1,0,0,1,0,0
-0.96047,1.3228,1.8446,1,0,0,1,0,0
-0.17749,0.30208,0.62715,1,0,0,1,0,0
-0.17749,-0.39968,-0.33644,1,0,0,1,0,0
-0.91194,-0.65486,0.08477,1,0,0,1,0,0
-0.91194,-0.7779,-0.81534,0,1,0,1,0,0
-0.32309,-0.67309,2.5601,0,0,1,1,0,0
-0.12896,1.2454,-0.31913,1,0,0,1,0,0
-0.12896,3.4828,0.044381,1,0,0,1,0,0
-0.86341,0.046897,-0.63648,1,0,0,1,0,0
-0.81488,1.3228,-0.4403,1,0,0,1,0,0
-0.81488,-1.1425,-0.58455,0,1,0,1,0,0
-0.81488,-0.33132,-0.37683,1,0,0,1,0,0
-0.81488,-0.30854,-0.50377,1,0,0,1,0,0
-0.22602,0.81701,1.2041,0,0,1,1,0,0
-0.22602,-0.14449,-0.013319,0,0,1,1,0,0
-0.76634,0.66208,-0.43453,1,0,0,0,1,0
-0.76634,-0.66853,0.0097608,1,0,0,1,0,0
-0.71781,0.33854,0.5983,1,0,0,1,0,0
-0.71781,-0.82347,-0.87304,1,0,0,1,0,0
-0.71781,0.26563,0.50598,1,0,0,1,0,0
-0.71781,-0.098923,-0.39991,1,0,0,1,0,0
0.065171,-0.39968,-0.33644,1,0,0,1,0,0
-0.66928,-0.65486,-0.65956,1,0,0,1,0,0
-0.66928,-0.10348,0.038611,0,1,0,1,0,0
-0.66928,-0.30854,0.0097608,1,0,0,1,0,0
-0.62075,0.69398,2.0177,1,0,0,1,0,0
-0.031893,0.30664,0.055921,0,0,1,1,0,0
-0.62075,-0.68676,-0.44607,1,0,0,1,0,0
-0.62075,-1.2655,1.2618,1,0,0,1,0,0
-0.031893,-0.45436,-0.31913,0,0,1,1,0,0
-0.57222,-0.66853,-0.40568,1,0,0,1,0,0
-0.57222,-0.73689,-0.76341,1,0,0,1,0,0
0.2593,1.1861,-0.50954,1,0,0,1,0,0
-0.52368,0.82612,1.2157,1,0,0,1,0,0
0.30783,0.2793,0.62715,1,0,0,1,0,0
0.30783,-0.39968,-0.33644,1,0,0,1,0,0
0.30783,0.77144,-0.31336,1,0,0,0,1,0
0.30783,-0.61385,0.079,1,0,0,1,0,0
0.1137,-0.53183,-0.50377,0,0,1,1,0,0
-0.47515,-0.10348,0.038611,0,1,0,1,0,0
0.16223,1.8879,2.5601,0,0,1,1,0,0
0.16223,-0.55461,-0.41145,0,0,1,1,0,0
-0.42662,1.1861,-0.78072,1,0,0,1,0,0
-0.42662,6.5815,2.2947,1,0,0,1,0,0
0.40489,-0.19462,-0.38837,1,0,0,1,0,0
-0.37809,-0.78246,2.2658,0,1,0,1,0,0
-0.37809,6.5815,2.8486,1,0,0,1,0,0
0.45343,-0.49537,-0.45761,1,0,0,1,0,0
0.45343,-0.61385,-0.51531,1,0,0,1,0,0
-0.32956,6.5815,-0.84419,1,0,0,1,0,0
0.55049,-0.42702,-0.37106,1,0,0,0,1,0
0.55049,-0.39968,-0.33644,1,0,0,1,0,0
-0.28102,-0.68676,-0.69994,1,0,0,1,0,0
-0.23249,0.41145,1.2099,0,1,0,1,0,0
-0.23249,-0.67309,-0.64225,1,0,0,1,0,0
-0.23249,-0.2174,-0.43453,1,0,0,0,1,0
-0.23249,-0.66853,-0.41145,1,0,0,1,0,0
-0.23249,1.013,0.17709,1,0,0,1,0,0
-0.1872,1.7785,2.312,0,1,0,1,0,0
-0.1872,-0.66853,0.92719,1,0,0,1,0,0
-0.1872,-0.72777,-0.57878,1,0,0,1,0,0
-0.1872,-0.78246,1.6254,1,0,0,1,0,0
-0.1872,1.7557,1.458,1,0,0,1,0,0
-0.1872,0.52537,-0.57301,1,0,0,1,0,0
-0.1872,-0.99663,-0.39991,1,0,0,1,0,0
-0.1419,-0.65486,-0.65956,1,0,0,1,0,0
-0.1419,-0.345,-0.2672,1,0,0,1,0,0
0.50196,-0.55461,-0.29028,0,0,1,1,0,0
0.74462,-0.52727,-0.498,1,0,0,1,0,0
0.74462,-0.53638,-0.50954,1,0,0,1,0,0
0.74462,0.13348,-0.50954,1,0,0,1,0,0
-0.099838,0.82612,-0.44607,1,0,0,1,0,0
-0.099838,-0.44069,1.2618,1,0,0,1,0,0
-0.051306,1.6373,-0.45761,0,1,0,1,0,0
0.79315,-0.52727,0.62715,1,0,0,1,0,0
0.79315,0.77144,-0.31336,1,0,0,0,1,0
0.79315,-0.50449,-0.46915,1,0,0,1,0,0
0.79315,-0.61385,0.079,1,0,0,1,0,0
0.59902,-0.53183,-0.50377,0,0,1,1,0,0
0.64755,-0.45892,-0.41145,0,0,1,1,0,0
-0.0092452,-0.2174,-0.10564,1,0,0,0,1,0
-0.0092452,0.82612,-0.49223,1,0,0,0,1,0
0.013403,-1.1151,0.56945,1,0,0,1,0,0
0.69609,0.40689,-0.48646,0,0,1,1,0,0
0.013403,-2.2817,-0.65379,1,0,0,1,0,0
0.013403,-0.080696,0.06746,1,0,0,1,0,0
0.013403,-0.5136,-0.48069,1,0,0,0,1,0
0.013403,0.27474,0.51752,0,1,0,1,0,0
0.69609,0.16082,0.37327,0,0,1,1,0,0
0.74462,-0.085253,0.06169,0,0,1,1,0,0
0.032816,0.97195,-0.54416,1,0,0,1,0,0
0.74462,0.81701,1.2041,0,0,1,1,0,0
1.0843,-0.52727,-0.27297,1,0,0,1,0,0
1.0843,-0.92828,-1.0058,1,0,0,1,0,0
0.081348,0.73954,-0.30759,1,0,0,1,0,0
0.081348,-0.51816,-0.48646,1,0,0,1,0,0
0.12988,7.0873,9.1436,1,0,0,1,0,0
1.2785,-0.52727,0.62715,1,0,0,1,0,0
1.2785,-0.39968,-0.33644,1,0,0,1,0,0
1.2785,0.45702,0.079,1,0,0,1,0,0
0.17518,0.5117,1.5042,1,0,0,0,1,0
0.17518,1.5233,2.0985,1,0,0,1,0,0
0.22047,2.0337,-0.63648,1,0,0,1,0,0
0.2593,-0.23107,-0.4403,1,0,0,1,0,0
0.2593,-0.021456,-0.58455,0,1,0,1,0,0
0.29165,6.5815,-1.2769,1,0,0,1,0,0
1.7638,-0.52727,0.62715,1,0,0,1,0,0
1.7638,-0.38145,-0.31336,1,0,0,1,0,0
1.1329,-0.48626,-0.44607,0,0,1,1,0,0
1.7638,-0.50449,-0.46915,1,0,0,1,0,0
0.34342,0.23373,0.52906,1,0,0,1,0,0
1.1814,-0.51816,-0.48646,0,0,1,1,0,0
1.8673,-0.75967,-0.79226,1,0,0,1,0,0
0.38548,-0.51816,-0.48646,1,0,0,1,0,0
0.38548,1.4048,1.9485,1,0,0,0,1,0
1.2299,-0.55917,-0.53839,0,0,1,1,0,0
0.38548,-0.47259,-0.42876,1,0,0,1,0,0
0.43401,0.46613,-0.78072,1,0,0,1,0,0
0.43401,1.5233,4.3719,1,0,0,1,0,0
0.43401,3.4737,2.2947,1,0,0,1,0,0
0.48578,0.93549,1.3542,0,1,0,1,0,0
0.48578,10.514,0.60984,1,0,0,1,0,0
0.53755,-0.42702,-0.37106,1,0,0,1,0,0
0.53755,-0.43613,0.29249,1,0,0,1,0,0
0.53755,-0.39512,-0.33067,1,0,0,1,0,0
0.58284,-1.343,-1.5308,1,0,0,1,0,0
1.4726,-0.36322,-0.29028,0,0,1,1,0,0
0.67991,0.78056,-0.099869,1,0,0,1,0,0
0.67991,-0.51816,-0.48646,1,0,0,0,1,0
1.5697,-0.53183,-0.50377,0,0,1,1,0,0
0.67991,-0.67309,-0.68263,1,0,0,1,0,0
1.6667,-0.51816,-0.48646,0,0,1,1,0,0
1.6667,0.16082,0.37327,0,0,1,1,0,0
0.72844,-0.42702,-0.37106,1,0,0,1,0,0
0.72844,-0.42246,-0.36529,1,0,0,1,0,0
0.77697,-0.80068,-0.84419,1,0,0,1,0,0
0.8255,-1.1425,-1.2769,1,0,0,1,0,0
1.9579,-0.42246,-0.36529,0,0,1,1,0,0
0.87404,-0.61841,-0.6134,1,0,0,1,0,0
0.87404,-0.60474,-0.59609,1,0,0,1,0,0
2.0615,-0.19006,-0.071019,0,0,1,1,0,0
0.93227,0.76689,1.1407,1,0,0,1,0,0
0.93227,1.4048,1.9485,1,0,0,0,1,0
0.98081,-0.75056,-0.78072,1,0,0,1,0,0
0.98081,3.3187,4.3719,1,0,0,1,0,0
0.98081,1.6783,2.2947,1,0,0,1,0,0
1.0293,0.29297,0.5406,1,0,0,1,0,0
1.0293,0.49347,0.79448,0,1,0,1,0,0
1.0779,-0.40423,-0.34221,1,0,0,1,0,0
1.1264,-0.55917,-0.63648,1,0,0,1,0,0
1.1749,-0.21285,-0.099869,1,0,0,1,0,0
1.1749,-0.59107,-0.57878,1,0,0,1,0,0
1.2235,0.29753,-0.64225,1,0,0,1,0,0
1.2235,0.32942,-0.41145,1,0,0,1,0,0
1.272,-0.80068,-0.84419,1,0,0,1,0,0
1.3205,1.6919,2.312,1,0,0,1,0,0
1.3755,-0.71866,-0.74033,1,0,0,0,1,0
1.3755,-0.42246,-0.36529,1,0,0,1,0,0
1.3755,0.32942,0.16555,1,0,0,1,0,0
1.3755,-0.5455,-0.52108,1,0,0,1,0,0
1.3755,0.10158,0.29826,1,0,0,1,0,0
1.4241,-0.42702,-0.37106,1,0,0,0,1,0
1.4241,1.8788,2.5485,1,0,0,1,0,0
1.4241,-0.50449,-0.46915,0,1,0,1,0,0
1.4661,1.6783,2.2947,1,0,0,1,0,0
1.4661,-0.0077857,0.15978,1,0,0,1,0,0
1.5697,0.04234,0.22325,1,0,0,1,0,0
1.5697,-0.40423,-0.34221,1,0,0,1,0,0
1.6667,0.69398,1.0484,1,0,0,1,0,0
1.6667,-0.30854,-0.22104,1,0,0,1,0,0
1.8609,-0.71866,-0.74033,1,0,0,1,0,0
1.8609,-0.10804,0.032841,1,0,0,1,0,0
1.8609,-0.0032288,0.16555,1,0,0,1,0,0
1.8609,-0.5455,-0.52108,1,0,0,1,0,0
1.9514,-0.057911,0.09631,0,1,0,1,0,0
