-1.6773,-0.46641,-0.32667,0.61633,-0.376,-0.42238,0.24664,-0.17761,-0.16582
-1.7737,-0.19937,-0.45971,0.61633,-0.376,-0.42238,0.24664,-0.17761,-0.16582
-1.5776,-0.19403,-0.03165,0.61633,-0.376,-0.42238,0.24664,-0.17761,-0.16582
-1.674,-0.31687,-0.1647,-1.6213,2.6575,-0.42238,0.24664,-0.17761,-0.16582
-1.674,-0.2421,-0.083711,-1.6213,2.6575,-0.42238,0.24664,-0.17761,-0.16582
-1.674,-0.092552,-0.21676,0.61633,-0.376,-0.42238,0.24664,-0.17761,-0.16582
-1.674,0.21722,0.14767,0.61633,-0.376,-0.42238,0.24664,-0.17761,-0.16582
-1.674,-0.34891,-0.1994,0.61633,-0.376,-0.42238,0.24664,-0.17761,-0.16582
-1.674,-0.092552,0.078259,-1.6213,2.6575,-0.42238,0.24664,-0.17761,-0.16582
-1.674,-1.1874,-0.74895,0.61633,-0.376,-0.42238,0.24664,-0.17761,-0.16582
-1.674,-1.2462,-1.1712,0.61633,-0.376,-0.42238,0.24664,-0.17761,-0.16582
-1.674,-0.38096,-0.23411,0.61633,-0.376,-0.42238,0.24664,-0.17761,-0.16582
-1.674,-0.29551,-0.47128,0.61633,-0.376,-0.42238,0.24664,-0.17761,-0.16582
-1.674,0.35074,-0.47707,0.61633,-0.376,-0.42238,0.24664,-0.17761,-0.16582
-1.674,-0.34891,-0.1994,0.61633,-0.376,-0.42238,0.24664,-0.17761,-0.16582
-1.674,-0.39164,-0.24568,-1.6213,2.6575,-0.42238,0.24664,-0.17761,-0.16582
-1.5776,-0.097893,0.072474,-1.6213,-0.376,2.3657,0.24664,-0.17761,-0.16582
-1.5742,-0.45573,-0.049004,0.61633,-0.376,-0.42238,0.24664,-0.17761,-0.16582
-1.5742,-1.0913,-0.48864,0.61633,-0.376,-0.42238,0.24664,-0.17761,-0.16582
-1.5742,-0.30619,-0.15313,0.61633,-0.376,-0.42238,0.24664,-0.17761,-0.16582
-1.5742,-0.41835,-0.43079,0.61633,-0.376,-0.42238,0.24664,-0.17761,-0.16582
-1.5742,-0.74948,-0.77208,0.61633,-0.376,-0.42238,0.24664,-0.17761,-0.16582
-1.1787,-0.46641,-0.32667,0.61633,-0.376,-0.42238,0.24664,-0.17761,-0.16582
-1.1787,-0.092552,-0.014296,-1.6213,-0.376,2.3657,0.24664,-0.17761,-0.16582
-1.1787,-0.18869,-0.025865,-1.6213,-0.376,2.3657,0.24664,-0.17761,-0.16582
-1.4745,-0.33289,-0.18205,0.61633,-0.376,-0.42238,0.24664,-0.17761,-0.16582
-1.4745,-0.413,-0.26882,-1.6213,2.6575,-0.42238,0.24664,-0.17761,-0.16582
-1.4745,-1.1874,-0.5407,0.61633,-0.376,-0.42238,0.24664,-0.17761,-0.16582
-1.4745,-0.40232,-0.36716,0.61633,-0.376,-0.42238,0.24664,-0.17761,-0.16582
-1.4745,0.083697,-0.83572,-1.6213,2.6575,-0.42238,0.24664,-0.17761,-0.16582
-1.4745,-0.2421,-0.083711,0.61633,-0.376,-0.42238,0.24664,-0.17761,-0.16582
-1.4745,-0.82959,-0.72002,0.61633,-0.376,-0.42238,0.24664,-0.17761,-0.16582
-0.97921,-0.46641,-0.78365,0.61633,-0.376,-0.42238,0.24664,-0.17761,-0.16582
-1.0291,0.29733,0.43112,-1.6213,-0.376,2.3657,0.24664,-0.17761,-0.16582
-1.4247,-1.1874,0.84762,0.61633,-0.376,-0.42238,0.24664,-0.17761,-0.16582
-1.0291,-0.2421,0.089828,-1.6213,-0.376,2.3657,0.24664,-0.17761,-0.16582
-1.4247,-0.23676,0.68565,-1.6213,2.6575,-0.42238,0.24664,-0.17761,-0.16582
-1.3548,1.0077,1.2699,0.61633,-0.376,-0.42238,0.24664,-0.17761,-0.16582
-1.305,0.68187,-0.72581,0.61633,-0.376,-0.42238,0.24664,-0.17761,-0.16582
-1.305,-0.89368,-0.072142,0.61633,-0.376,-0.42238,0.24664,-0.17761,-0.16582
-1.305,-0.60528,-0.74316,0.61633,-0.376,-0.42238,0.24664,-0.17761,-0.16582
-1.305,-0.92573,-0.82415,-1.6213,2.6575,-0.42238,0.24664,-0.17761,-0.16582
-1.305,1.953,-0.30353,-1.6213,2.6575,-0.42238,0.24664,-0.17761,-0.16582
-1.305,-0.7388,-0.51178,0.61633,-0.376,-0.42238,0.24664,-0.17761,-0.16582
-1.305,-0.87232,-0.30931,0.61633,-0.376,-0.42238,0.24664,-0.17761,-0.16582
-1.305,-0.2421,-0.083711,0.61633,-0.376,-0.42238,0.24664,-0.17761,-0.16582
-1.305,-0.17267,-0.30931,0.61633,-0.376,-0.42238,0.24664,-0.17761,-0.16582
-1.305,0.63915,0.87076,0.61633,-0.376,-0.42238,0.24664,-0.17761,-0.16582
-1.305,0.47892,-0.59854,0.61633,-0.376,-0.42238,-4.0514,-0.17761,6.0262
-0.77976,-0.21539,-0.054788,0.61633,-0.376,-0.42238,0.24664,-0.17761,-0.16582
-1.305,0.76733,-0.29774,0.61633,-0.376,-0.42238,0.24664,-0.17761,-0.16582
-1.305,-1.5666,-1.177,-1.6213,2.6575,-0.42238,0.24664,-0.17761,-0.16582
-1.305,0.99165,1.2525,0.61633,-0.376,-0.42238,0.24664,-0.17761,-0.16582
-1.305,-0.29551,-0.14156,0.61633,-0.376,-0.42238,0.24664,-0.17761,-0.16582
-1.305,-0.59994,-0.47128,0.61633,-0.376,-0.42238,0.24664,-0.17761,-0.16582
-1.2551,0.71926,0.95752,0.61633,-0.376,-0.42238,0.24664,-0.17761,-0.16582
-0.68004,0.56438,-0.077927,0.61633,-0.376,-0.42238,0.24664,-0.17761,-0.16582
-1.2053,0.10506,-0.59276,0.61633,-0.376,-0.42238,0.24664,-0.17761,-0.16582
-0.82963,0.17983,1.1658,-1.6213,-0.376,2.3657,0.24664,-0.17761,-0.16582
-1.2053,0.76733,1.0096,0.61633,-0.376,-0.42238,0.24664,-0.17761,-0.16582
-1.2053,0.083697,-0.87621,-1.6213,2.6575,-0.42238,0.24664,-0.17761,-0.16582
-0.82963,0.35608,-0.33245,-1.6213,-0.376,2.3657,0.24664,-0.17761,-0.16582
-1.1587,0.47358,0.24601,0.61633,-0.376,-0.42238,0.24664,-0.17761,-0.16582
-0.58031,-0.19403,-0.03165,0.61633,-0.376,-0.42238,0.24664,-0.17761,-0.16582
-1.1587,-0.060507,0.11297,0.61633,-0.376,-0.42238,0.24664,-0.17761,-0.16582
-1.1587,-0.66403,-0.5407,0.61633,-0.376,-0.42238,0.24664,-0.17761,-0.16582
-1.1587,0.083697,0.26915,-1.6213,2.6575,-0.42238,0.24664,-0.17761,-0.16582
-1.1587,-0.59994,0.73771,0.61633,-0.376,-0.42238,0.24664,-0.17761,-0.16582
-1.1155,-0.37562,-0.22833,0.61633,-0.376,-0.42238,0.24664,-0.17761,-0.16582
-1.1155,0.083697,0.26915,-1.6213,2.6575,-0.42238,0.24664,-0.17761,-0.16582
-1.1155,0.55369,0.7782,0.61633,-0.376,-0.42238,0.24664,-0.17761,-0.16582
-1.1155,-1.1874,-0.74895,0.61633,-0.376,-0.42238,0.24664,-0.17761,-0.16582
-1.1155,-0.47175,-0.85885,-1.6213,2.6575,-0.42238,0.24664,-0.17761,-0.16582
-1.1155,0.26529,-0.4655,0.61633,-0.376,-0.42238,0.24664,-0.17761,-0.16582
-1.1155,0.26529,-0.4655,0.61633,-0.376,-0.42238,0.24664,-0.17761,-0.16582
-1.1155,-0.30085,-0.14734,0.61633,-0.376,-0.42238,0.24664,-0.17761,-0.16582
-1.1155,-0.30085,-0.14734,0.61633,-0.376,-0.42238,0.24664,-0.17761,-0.16582
-1.1155,-0.67471,-0.55227,0.61633,-0.376,-0.42238,0.24664,-0.17761,-0.16582
-1.1155,0.2012,0.18238,0.61633,-0.376,-0.42238,0.24664,-0.17761,-0.16582
-1.1155,-0.48778,-0.34981,0.61633,-0.376,-0.42238,0.24664,-0.17761,-0.16582
-1.1155,-0.37028,-0.47707,0.61633,-0.376,-0.42238,0.24664,-0.17761,-0.16582
-1.1155,1.0557,0.13032,0.61633,-0.376,-0.42238,0.24664,-0.17761,-0.16582
-1.1155,1.0557,0.13032,0.61633,-0.376,-0.42238,0.24664,-0.17761,-0.16582
-1.1155,0.12642,0.1766,-1.6213,2.6575,-0.42238,0.24664,-0.17761,-0.16582
-1.0656,0.73528,-0.014296,0.61633,-0.376,-0.42238,0.24664,-0.17761,-0.16582
-0.68004,-0.092552,-0.014296,-1.6213,-0.376,2.3657,-4.0514,5.6259,-0.16582
-1.0656,-0.45573,-0.66796,0.61633,-0.376,-0.42238,0.24664,-0.17761,-0.16582
-0.68004,-0.18869,-0.025865,-1.6213,-0.376,2.3657,0.24664,-0.17761,-0.16582
-0.68004,0.53233,-0.29774,-1.6213,-0.376,2.3657,0.24664,-0.17761,-0.16582
-1.0224,0.56438,-0.049004,0.61633,-0.376,-0.42238,0.24664,-0.17761,-0.16582
-1.0224,1.7874,-0.77208,0.61633,-0.376,-0.42238,0.24664,-0.17761,-0.16582
-0.63017,-0.19403,-0.03165,-1.6213,-0.376,2.3657,0.24664,-0.17761,-0.16582
-0.58031,-0.097893,0.072474,-1.6213,-0.376,2.3657,0.24664,-0.17761,-0.16582
-0.331,0.26529,0.031982,0.61633,-0.376,-0.42238,0.24664,-0.17761,-0.16582
-0.92935,0.056992,0.24023,-1.6213,2.6575,-0.42238,0.24664,-0.17761,-0.16582
-0.331,-0.47709,-0.33824,0.61633,-0.376,-0.42238,-4.0514,5.6259,-0.16582
-0.92935,-1.1874,-0.5407,0.61633,-0.376,-0.42238,0.24664,-0.17761,-0.16582
-0.92935,-1.0753,-0.48864,-1.6213,2.6575,-0.42238,0.24664,-0.17761,-0.16582
-0.92935,2.6153,-0.36137,0.61633,-0.376,-0.42238,0.24664,-0.17761,-0.16582
-0.92935,0.51631,-0.83572,-1.6213,2.6575,-0.42238,0.24664,-0.17761,-0.16582
-0.92935,-0.1513,-0.43657,0.61633,-0.376,-0.42238,0.24664,-0.17761,-0.16582
-0.87949,-1.1874,0.84762,0.61633,-0.376,-0.42238,0.24664,-0.17761,-0.16582
-0.48059,0.18517,-0.47128,-1.6213,-0.376,2.3657,0.24664,-0.17761,-0.16582
-0.28114,-0.21539,-0.054788,0.61633,-0.376,-0.42238,0.24664,-0.17761,-0.16582
-0.87949,0.19051,0.38484,0.61633,-0.376,-0.42238,0.24664,-0.17761,-0.16582
-0.87949,-0.63732,0.68565,-1.6213,2.6575,-0.42238,0.24664,-0.17761,-0.16582
-0.23127,-0.63198,-0.50599,0.61633,-0.376,-0.42238,0.24664,-0.17761,-0.16582
-0.77976,-0.42369,0.51789,0.61633,-0.376,-0.42238,0.24664,-0.17761,-0.16582
-0.77976,0.17449,-1.177,0.61633,-0.376,-0.42238,0.24664,-0.17761,-0.16582
-0.77976,-0.57857,-0.17048,0.61633,-0.376,-0.42238,0.24664,-0.17761,-0.16582
-0.77976,0.067674,0.41955,0.61633,-0.376,-0.42238,0.24664,-0.17761,-0.16582
-0.77976,-1.0005,-0.56962,0.61633,-0.376,-0.42238,-4.0514,-0.17761,6.0262
-0.77976,-0.67471,-0.55227,0.61633,-0.376,-0.42238,0.24664,-0.17761,-0.16582
-0.77976,0.094379,-0.037434,0.61633,-0.376,-0.42238,0.24664,-0.17761,-0.16582
-0.77976,3.0586,3.4912,0.61633,-0.376,-0.42238,0.24664,-0.17761,-0.16582
-0.13155,0.99165,1.2525,0.61633,-0.376,-0.42238,0.24664,-0.17761,-0.16582
-0.7299,0.067674,0.2518,0.61633,-0.376,-0.42238,0.24664,-0.17761,-0.16582
-0.7299,4.1908,-0.50599,0.61633,-0.376,-0.42238,0.24664,-0.17761,-0.16582
-0.331,1.2694,1.1658,-1.6213,-0.376,2.3657,0.24664,-0.17761,-0.16582
-0.13155,-0.071188,0.1014,0.61633,-0.376,-0.42238,0.24664,-0.17761,-0.16582
-0.7299,-0.46107,-0.56962,0.61633,-0.376,-0.42238,0.24664,-0.17761,-0.16582
-0.68004,-0.049825,-0.59276,0.61633,-0.376,-0.42238,0.24664,-0.17761,-0.16582
-0.68004,-0.43971,-0.87621,-1.6213,2.6575,-0.42238,0.24664,-0.17761,-0.16582
-0.23127,1.2961,1.7095,-1.6213,-0.376,2.3657,0.24664,-0.17761,-0.16582
-0.63017,-0.46641,-0.32667,0.61633,-0.376,-0.42238,0.24664,-0.17761,-0.16582
-0.63017,-0.43971,-0.29774,-1.6213,2.6575,-0.42238,0.24664,-0.17761,-0.16582
-0.63017,-0.51982,-0.33824,0.61633,-0.376,-0.42238,0.24664,-0.17761,-0.16582
-0.63017,0.13711,0.73771,0.61633,-0.376,-0.42238,0.24664,-0.17761,-0.16582
-0.58031,-0.42369,-0.36716,0.61633,-0.376,-0.42238,0.24664,-0.17761,-0.16582
-0.58031,0.067674,-0.014296,0.61633,-0.376,-0.42238,0.24664,-0.17761,-0.16582
0.01804,4.0146,-0.78365,0.61633,-0.376,-0.42238,0.24664,-0.17761,-0.16582
-0.18141,-0.092552,-0.014296,-1.6213,-0.376,2.3657,-4.0514,5.6259,-0.16582
-0.58031,0.42017,-0.66796,0.61633,-0.376,-0.42238,0.24664,-0.17761,-0.16582
-0.18141,-0.28482,-0.29774,-1.6213,-0.376,2.3657,0.24664,-0.17761,-0.16582
-0.53045,1.6806,-0.049004,0.61633,-0.376,-0.42238,0.24664,-0.17761,-0.16582
-0.53045,0.6071,-1.1423,0.61633,-0.376,-0.42238,0.24664,-0.17761,-0.16582
-0.53045,0.29733,-0.43079,0.61633,-0.376,-0.42238,0.24664,-0.17761,-0.16582
-0.53045,-0.42369,-0.99769,0.61633,-0.376,-0.42238,0.24664,-0.17761,-0.16582
-0.53045,0.094379,-0.77208,0.61633,-0.376,-0.42238,0.24664,-0.17761,-0.16582
0.067903,0.42551,0.031982,0.61633,-0.376,-0.42238,0.24664,-0.17761,-0.16582
0.16763,0.52699,0.74928,0.61633,-0.376,-0.42238,0.24664,-0.17761,-0.16582
-0.43072,-0.90436,-0.80101,-1.6213,2.6575,-0.42238,0.24664,-0.17761,-0.16582
-0.43072,-0.31153,-0.5407,0.61633,-0.376,-0.42238,0.24664,-0.17761,-0.16582
-0.43072,-0.3596,-0.049004,0.61633,-0.376,-0.42238,0.24664,-0.17761,-0.16582
-0.43072,0.70858,-0.36137,0.61633,-0.376,-0.42238,0.24664,-0.17761,-0.16582
-0.43072,-0.81891,-0.36716,0.61633,-0.376,-0.42238,0.24664,-0.17761,-0.16582
-0.031823,-1.2035,0.089828,-1.6213,-0.376,2.3657,0.24664,-0.17761,-0.16582
-0.38086,0.094379,0.84762,-1.6213,2.6575,-0.42238,0.24664,-0.17761,-0.16582
0.21749,-0.73346,-0.6159,0.61633,-0.376,-0.42238,0.24664,-0.17761,-0.16582
-0.38086,-0.29016,0.84762,0.61633,-0.376,-0.42238,0.24664,-0.17761,-0.16582
-0.38086,-0.50914,0.4774,0.61633,-0.376,-0.42238,0.24664,-0.17761,-0.16582
-0.38086,2.4604,0.68565,-1.6213,2.6575,-0.42238,0.24664,-0.17761,-0.16582
-0.331,-0.84027,-0.73159,0.61633,-0.376,-0.42238,0.24664,-0.17761,-0.16582
-0.28114,-0.94709,-1.177,0.61633,-0.376,-0.42238,0.24664,-0.17761,-0.16582
-0.28114,-0.45573,-1.1018,0.61633,-0.376,-0.42238,0.24664,-0.17761,-0.16582
-0.28114,-0.42369,-0.17048,0.61633,-0.376,-0.42238,0.24664,-0.17761,-0.16582
-0.28114,0.094379,0.28072,-1.6213,2.6575,-0.42238,0.24664,-0.17761,-0.16582
-0.28114,-0.39698,-0.56962,0.61633,-0.376,-0.42238,-4.0514,-0.17761,6.0262
-0.28114,-0.29016,-0.37294,0.61633,-0.376,-0.42238,0.24664,-0.17761,-0.16582
-0.28114,-0.84562,0.53525,0.61633,-0.376,-0.42238,0.24664,-0.17761,-0.16582
-0.28114,-0.40766,-0.26304,0.61633,-0.376,-0.42238,0.24664,-0.17761,-0.16582
-0.28114,-0.28482,-0.12999,0.61633,-0.376,-0.42238,0.24664,-0.17761,-0.16582
-0.28114,0.52699,-0.29196,-1.6213,2.6575,-0.42238,0.24664,-0.17761,-0.16582
-0.28114,0.7246,0.96331,0.61633,-0.376,-0.42238,0.24664,-0.17761,-0.16582
-0.28114,-0.50914,0.703,0.61633,-0.376,-0.42238,0.24664,-0.17761,-0.16582
-0.23127,1.7768,2.1029,0.61633,-0.376,-0.42238,0.24664,-0.17761,-0.16582
-0.23127,0.28665,-0.50599,0.61633,-0.376,-0.42238,0.24664,-0.17761,-0.16582
0.36708,-0.071188,0.1014,0.61633,-0.376,-0.42238,0.24664,-0.17761,-0.16582
-0.23127,-0.90971,-0.56962,0.61633,-0.376,-0.42238,0.24664,-0.17761,-0.16582
-0.18141,0.37744,-1.1018,0.61633,-0.376,-0.42238,0.24664,-0.17761,-0.16582
-0.13155,0.34006,0.24601,0.61633,-0.376,-0.42238,0.24664,-0.17761,-0.16582
-0.13155,0.014265,-0.40765,0.61633,-0.376,-0.42238,0.24664,-0.17761,-0.16582
-0.13155,1.6432,-0.33824,0.61633,-0.376,-0.42238,0.24664,-0.17761,-0.16582
-0.13155,1.4029,1.698,0.61633,-0.376,-0.42238,0.24664,-0.17761,-0.16582
-0.081685,-0.97914,-0.36716,0.61633,-0.376,-0.42238,0.24664,-0.17761,-0.16582
0.51667,-0.38096,-0.78365,0.61633,-0.376,-0.42238,0.24664,-0.17761,-0.16582
0.31722,-0.17801,-0.014296,-1.6213,-0.376,2.3657,0.24664,-0.17761,-0.16582
-0.081685,1.4029,3.63,0.61633,-0.376,-0.42238,0.24664,-0.17761,-0.16582
-0.031823,0.42551,-0.48864,0.61633,-0.376,-0.42238,0.24664,-0.17761,-0.16582
-0.031823,1.5151,-0.43079,0.61633,-0.376,-0.42238,0.24664,-0.17761,-0.16582
-0.031823,0.13711,-0.99769,0.61633,-0.376,-0.42238,0.24664,-0.17761,-0.16582
-0.031823,-0.5038,-0.77208,0.61633,-0.376,-0.42238,0.24664,-0.17761,-0.16582
0.56653,-0.41835,0.031982,0.61633,-0.376,-0.42238,-4.0514,5.6259,-0.16582
0.01804,0.0035837,-0.38451,-1.6213,2.6575,-0.42238,0.24664,-0.17761,-0.16582
0.067903,-0.42369,-0.62747,0.61633,-0.376,-0.42238,0.24664,-0.17761,-0.16582
0.067903,-0.70141,-0.10107,0.61633,-0.376,-0.42238,0.24664,-0.17761,-0.16582
0.067903,0.1104,-0.5407,0.61633,-0.376,-0.42238,0.24664,-0.17761,-0.16582
0.067903,-0.18335,-0.049004,0.61633,-0.376,-0.42238,0.24664,-0.17761,-0.16582
0.067903,0.40949,-0.36137,0.61633,-0.376,-0.42238,0.24664,-0.17761,-0.16582
0.067903,-0.89368,-0.48864,-1.6213,2.6575,-0.42238,0.24664,-0.17761,-0.16582
0.067903,0.24392,-0.36716,0.61633,-0.376,-0.42238,0.24664,-0.17761,-0.16582
0.11777,0.62313,0.84762,-1.6213,2.6575,-0.42238,0.24664,-0.17761,-0.16582
0.11777,0.1104,0.84762,0.61633,-0.376,-0.42238,0.24664,-0.17761,-0.16582
0.76598,-0.63198,-0.50599,0.61633,-0.376,-0.42238,0.24664,-0.17761,-0.16582
0.56653,-0.68539,-0.56384,-1.6213,-0.376,2.3657,0.24664,-0.17761,-0.16582
0.56653,0.30801,0.51211,-1.6213,-0.376,2.3657,0.24664,-0.17761,-0.16582
0.22746,-0.90971,-1.177,0.61633,-0.376,-0.42238,0.24664,-0.17761,-0.16582
0.22746,-1.086,0.51789,0.61633,-0.376,-0.42238,0.24664,-0.17761,-0.16582
0.86571,0.99165,1.2525,0.61633,-0.376,-0.42238,0.24664,-0.17761,-0.16582
0.22746,-0.69607,0.41955,0.61633,-0.376,-0.42238,0.24664,-0.17761,-0.16582
0.22746,0.62313,0.8534,-1.6213,2.6575,-0.42238,0.24664,-0.17761,-0.16582
0.22746,0.92755,-0.17048,0.61633,-0.376,-0.42238,0.24664,-0.17761,-0.16582
0.86571,-0.071188,0.1014,0.61633,-0.376,-0.42238,0.24664,-0.17761,-0.16582
0.22746,-0.5038,-0.037434,0.61633,-0.376,-0.42238,0.24664,-0.17761,-0.16582
0.22746,-0.16732,-0.51756,0.61633,-0.376,-0.42238,0.24664,-0.17761,-0.16582
0.22746,0.82608,-0.29196,-1.6213,2.6575,-0.42238,0.24664,-0.17761,-0.16582
0.22746,-0.3596,-0.55227,0.61633,-0.376,-0.42238,0.24664,-0.17761,-0.16582
0.66625,-0.47175,-0.33245,-1.6213,-0.376,2.3657,0.24664,-0.17761,-0.16582
0.22746,0.48426,0.703,0.61633,-0.376,-0.42238,0.24664,-0.17761,-0.16582
0.91557,-0.19403,-0.03165,0.61633,-0.376,-0.42238,0.24664,-0.17761,-0.16582
0.27733,0.78869,0.24601,0.61633,-0.376,-0.42238,0.24664,-0.17761,-0.16582
0.27733,0.089038,-0.5407,0.61633,-0.376,-0.42238,0.24664,-0.17761,-0.16582
0.27733,1.7714,-0.50599,0.61633,-0.376,-0.42238,0.24664,-0.17761,-0.16582
0.32719,0.92755,-0.59276,0.61633,-0.376,-0.42238,0.24664,-0.17761,-0.16582
1.0153,-0.31153,-0.15891,0.61633,-0.376,-0.42238,0.24664,-0.17761,-0.16582
1.0153,-0.38096,-0.78365,0.61633,-0.376,-0.42238,0.24664,-0.17761,-0.16582
0.32719,0.046311,-1.1018,0.61633,-0.376,-0.42238,0.24664,-0.17761,-0.16582
0.32719,-0.9738,-0.87621,-1.6213,2.6575,-0.42238,0.24664,-0.17761,-0.16582
0.81584,-0.17801,-0.014296,-1.6213,-0.376,2.3657,-4.0514,5.6259,-0.16582
0.81584,-0.18869,-0.025865,-1.6213,-0.376,2.3657,0.24664,-0.17761,-0.16582
0.37705,0.04097,4.3415,0.61633,-0.376,-0.42238,0.24664,-0.17761,-0.16582
0.37705,0.41483,-0.40765,0.61633,-0.376,-0.42238,0.24664,-0.17761,-0.16582
0.37705,0.54301,-0.089496,0.61633,-0.376,-0.42238,0.24664,-0.17761,-0.16582
0.37705,-0.01778,0.15924,-1.6213,2.6575,-0.42238,0.24664,-0.17761,-0.16582
0.40364,0.39347,0.90546,-1.6213,2.6575,-0.42238,0.24664,-0.17761,-0.16582
0.86571,-0.19403,-0.03165,-1.6213,-0.376,2.3657,0.24664,-0.17761,-0.16582
0.91557,-0.097893,0.072474,-1.6213,-0.376,2.3657,0.24664,-0.17761,-0.16582
0.96543,-0.033802,0.089828,-1.6213,-0.376,2.3657,0.24664,-0.17761,-0.16582
0.45351,-0.060507,-1.4547,0.61633,-0.376,-0.42238,0.24664,-0.17761,-0.16582
0.45351,1.7714,2.0971,0.61633,-0.376,-0.42238,0.24664,-0.17761,-0.16582
0.45351,1.702,-0.29774,0.61633,-0.376,-0.42238,0.24664,-0.17761,-0.16582
0.45351,-0.84562,-1.0093,0.61633,-0.376,-0.42238,0.24664,-0.17761,-0.16582
0.45351,-0.3596,-0.21097,0.61633,-0.376,-0.42238,-4.0514,5.6259,-0.16582
0.45351,0.48426,-1.5299,0.61633,-0.376,-0.42238,0.24664,-0.17761,-0.16582
0.47678,1.2961,-0.049004,0.61633,-0.376,-0.42238,0.24664,-0.17761,-0.16582
0.47678,-0.060507,-0.48864,0.61633,-0.376,-0.42238,0.24664,-0.17761,-0.16582
0.47678,0.56972,-1.7208,-1.6213,2.6575,-0.42238,0.24664,-0.17761,-0.16582
0.47678,0.68187,-1.1423,0.61633,-0.376,-0.42238,0.24664,-0.17761,-0.16582
0.47678,0.30801,-0.99769,0.61633,-0.376,-0.42238,0.24664,-0.17761,-0.16582
0.47678,-0.86164,-0.77208,0.61633,-0.376,-0.42238,0.24664,-0.17761,-0.16582
0.52664,1.1145,4.6481,0.61633,-0.376,-0.42238,0.24664,-0.17761,-0.16582
0.52664,0.42017,1.1021,0.61633,-0.376,-0.42238,0.24664,-0.17761,-0.16582
0.52664,-0.84562,0.44848,0.61633,-0.376,-0.42238,0.24664,-0.17761,-0.16582
0.52664,0.58574,0.81291,0.61633,-0.376,-0.42238,0.24664,-0.17761,-0.16582
0.52664,0.72994,0.35592,0.61633,-0.376,-0.42238,0.24664,-0.17761,-0.16582
0.52664,-0.3596,5.8918,0.61633,-0.376,-0.42238,0.24664,-0.17761,-0.16582
1.5139,-0.31153,-0.15891,0.61633,-0.376,-0.42238,0.24664,-0.17761,-0.16582
0.62969,1.2961,-0.62747,0.61633,-0.376,-0.42238,0.24664,-0.17761,-0.16582
0.62969,-0.84562,-0.5407,0.61633,-0.376,-0.42238,0.24664,-0.17761,-0.16582
0.62969,0.019606,-0.36137,0.61633,-0.376,-0.42238,-4.0514,5.6259,-0.16582
0.62969,-1.0966,-0.83572,-1.6213,2.6575,-0.42238,0.24664,-0.17761,-0.16582
0.62969,-0.69607,-0.57541,-1.6213,2.6575,-0.42238,0.24664,-0.17761,-0.16582
1.7134,-0.73346,-0.6159,0.61633,-0.376,-0.42238,0.24664,-0.17761,-0.16582
1.7134,-0.21539,-0.054788,0.61633,-0.376,-0.42238,0.24664,-0.17761,-0.16582
1.1649,-0.47175,-0.33245,-1.6213,-0.376,2.3657,0.24664,-0.17761,-0.16582
0.67955,0.95426,0.84762,-1.6213,2.6575,-0.42238,0.24664,-0.17761,-0.16582
1.8131,-0.23676,-0.077927,0.61633,-0.376,-0.42238,0.24664,-0.17761,-0.16582
0.74604,-0.060507,0.11297,0.61633,-0.376,-0.42238,0.24664,-0.17761,-0.16582
0.74604,-1.0753,-0.98612,0.61633,-0.376,-0.42238,0.24664,-0.17761,-0.16582
0.74604,-0.46641,-0.32667,0.61633,-0.376,-0.42238,0.24664,-0.17761,-0.16582
1.3145,-0.17801,-0.014296,-1.6213,-0.376,2.3657,0.24664,-0.17761,-0.16582
0.78925,0.23324,0.703,0.61633,-0.376,-0.42238,0.24664,-0.17761,-0.16582
1.3145,-0.18869,-0.025865,-1.6213,-0.376,2.3657,0.24664,-0.17761,-0.16582
0.83579,-0.060507,1.2641,0.61633,-0.376,-0.42238,0.24664,-0.17761,-0.16582
0.83579,-0.033802,1.4145,0.61633,-0.376,-0.42238,0.24664,-0.17761,-0.16582
0.83579,-0.68005,-0.55805,0.61633,-0.376,-0.42238,0.24664,-0.17761,-0.16582
0.83579,0.74062,0.14189,0.61633,-0.376,-0.42238,0.24664,-0.17761,-0.16582
0.83579,-0.82425,-0.71424,0.61633,-0.376,-0.42238,0.24664,-0.17761,-0.16582
0.83579,-0.55721,0.62202,0.61633,-0.376,-0.42238,0.24664,-0.17761,-0.16582
0.879,0.062333,0.24601,0.61633,-0.376,-0.42238,0.24664,-0.17761,-0.16582
0.879,-0.46641,-0.50599,0.61633,-0.376,-0.42238,-4.0514,5.6259,-0.16582
0.92887,4.3671,4.9084,0.61633,-0.376,-0.42238,0.24664,-0.17761,-0.16582
0.92887,-0.25278,0.22287,-1.6213,2.6575,-0.42238,0.24664,-0.17761,-0.16582
0.92887,-0.18869,-0.025865,0.61633,-0.376,-0.42238,0.24664,-0.17761,-0.16582
0.92887,0.056992,0.29229,0.61633,-0.376,-0.42238,0.24664,-0.17761,-0.16582
0.92887,0.056992,0.29229,0.61633,-0.376,-0.42238,0.24664,-0.17761,-0.16582
1.4641,0.23324,0.43112,-1.6213,-0.376,2.3657,0.24664,-0.17761,-0.16582
0.96543,-0.10857,0.060905,-1.6213,2.6575,-0.42238,0.24664,-0.17761,-0.16582
0.96543,0.5804,0.80712,0.61633,-0.376,-0.42238,0.24664,-0.17761,-0.16582
1.0153,-0.060507,-1.4547,0.61633,-0.376,-0.42238,0.24664,-0.17761,-0.16582
1.0153,-0.5038,-0.36716,0.61633,-0.376,-0.42238,0.24664,-0.17761,-0.16582
1.0153,-0.84562,-1.0093,0.61633,-0.376,-0.42238,0.24664,-0.17761,-0.16582
1.0153,-1.4278,-1.3679,0.61633,-0.376,-0.42238,0.24664,-0.17761,-0.16582
1.0153,-0.36494,0.52368,0.61633,-0.376,-0.42238,0.24664,-0.17761,-0.16582
1.0153,0.019606,2.9706,0.61633,-0.376,-0.42238,-4.0514,5.6259,-0.16582
1.0153,0.04097,0.22287,0.61633,-0.376,-0.42238,0.24664,-0.17761,-0.16582
1.0153,-0.74948,-0.63325,0.61633,-0.376,-0.42238,0.24664,-0.17761,-0.16582
1.0153,-0.55721,0.46583,0.61633,-0.376,-0.42238,0.24664,-0.17761,-0.16582
1.0452,-0.56255,-1.1423,0.61633,-0.376,-0.42238,0.24664,-0.17761,-0.16582
1.0452,-0.93641,-0.77208,0.61633,-0.376,-0.42238,0.24664,-0.17761,-0.16582
1.6635,-0.47175,-0.33245,-1.6213,-0.376,2.3657,0.24664,-0.17761,-0.16582
1.115,-0.51982,-0.38451,-1.6213,2.6575,-0.42238,0.24664,-0.17761,-0.16582
1.115,-0.55721,0.50054,0.61633,-0.376,-0.42238,0.24664,-0.17761,-0.16582
1.1616,-0.31687,-0.62747,0.61633,-0.376,-0.42238,0.24664,-0.17761,-0.16582
1.1616,-0.25812,-0.10107,0.61633,-0.376,-0.42238,0.24664,-0.17761,-0.16582
1.8131,-0.37562,-0.29774,-1.6213,-0.376,2.3657,0.24664,-0.17761,-0.16582
1.1616,-0.84562,-0.5407,0.61633,-0.376,-0.42238,0.24664,-0.17761,-0.16582
1.1616,0.083697,0.26915,0.61633,-0.376,-0.42238,0.24664,-0.17761,-0.16582
1.2147,0.46824,0.68565,-1.6213,2.6575,-0.42238,0.24664,-0.17761,-0.16582
1.3145,-0.83493,-0.049004,-1.6213,2.6575,-0.42238,0.24664,-0.17761,-0.16582
1.3643,1.0023,1.2641,0.61633,-0.376,-0.42238,0.24664,-0.17761,-0.16582
1.3643,0.04097,0.22287,0.61633,-0.376,-0.42238,0.24664,-0.17761,-0.16582
1.3643,-0.033802,0.14189,0.61633,-0.376,-0.42238,0.24664,-0.17761,-0.16582
1.3643,-0.5305,-0.39608,0.61633,-0.376,-0.42238,0.24664,-0.17761,-0.16582
1.4142,-0.66403,-0.5407,0.61633,-0.376,-0.42238,0.24664,-0.17761,-0.16582
1.5139,-1.5079,-1.4547,0.61633,-0.376,-0.42238,0.24664,-0.17761,-0.16582
1.5139,-0.71743,-0.59854,0.61633,-0.376,-0.42238,0.24664,-0.17761,-0.16582
1.5139,0.04097,0.22287,0.61633,-0.376,-0.42238,0.24664,-0.17761,-0.16582
1.5139,-0.74948,-0.63325,0.61633,-0.376,-0.42238,0.24664,-0.17761,-0.16582
1.5139,-0.73346,-0.6159,-1.6213,2.6575,-0.42238,-4.0514,5.6259,-0.16582
1.5139,-1.5773,-1.5299,0.61633,-0.376,-0.42238,0.24664,-0.17761,-0.16582
1.6635,-0.69607,-0.57541,-1.6213,2.6575,-0.42238,0.24664,-0.17761,-0.16582
1.9128,0.062333,0.24601,0.61633,-0.376,-0.42238,0.24664,-0.17761,-0.16582
1.9128,-0.63198,-0.50599,0.61633,-0.376,-0.42238,0.24664,-0.17761,-0.16582
2.0125,-0.75482,-0.63904,-1.6213,2.6575,-0.42238,0.24664,-0.17761,-0.16582
2.0125,-0.74948,-0.63325,0.61633,-0.376,-0.42238,0.24664,-0.17761,-0.16582
2.1123,-0.51982,-0.38451,-1.6213,2.6575,-0.42238,0.24664,-0.17761,-0.16582
2.212,0.27597,0.4774,0.61633,-0.376,-0.42238,0.24664,-0.17761,-0.16582
-1.6773,-0.1513,-0.7663,0.61633,-0.376,-0.42238,0.24664,-0.17761,-0.16582
-1.6773,-0.63198,-0.47128,0.61633,-0.376,-0.42238,0.24664,-0.17761,-0.16582
-1.5776,2.6633,-0.45971,-1.6213,-0.376,2.3657,-4.0514,-0.17761,6.0262
-1.6773,0.97028,-0.78944,0.61633,-0.376,-0.42238,0.24664,-0.17761,-0.16582
-1.6773,0.19586,0.39063,0.61633,-0.376,-0.42238,0.24664,-0.17761,-0.16582
-1.5776,0.57506,-0.8415,-1.6213,-0.376,2.3657,-4.0514,-0.17761,6.0262
-1.6773,-0.413,-0.043219,0.61633,-0.376,-0.42238,0.24664,-0.17761,-0.16582
-1.6773,0.68187,-0.44236,0.61633,-0.376,-0.42238,0.24664,-0.17761,-0.16582
-1.5776,-0.30619,-0.33824,0.61633,-0.376,-0.42238,0.24664,-0.17761,-0.16582
-1.6773,-0.44505,-0.30353,0.61633,-0.376,-0.42238,0.24664,-0.17761,-0.16582
-1.6773,1.3869,-0.77208,0.61633,-0.376,-0.42238,0.24664,-0.17761,-0.16582
-1.6773,0.23858,-0.52913,0.61633,-0.376,-0.42238,0.24664,-0.17761,-0.16582
-1.4778,-0.82959,-0.049004,-1.6213,-0.376,2.3657,0.24664,-0.17761,-0.16582
-1.5776,-0.27948,-0.1242,0.61633,-0.376,-0.42238,0.24664,-0.17761,-0.16582
-1.5776,-0.82425,-0.49442,-1.6213,2.6575,-0.42238,0.24664,-0.17761,-0.16582
-1.2784,-0.59994,-0.47128,0.61633,-0.376,-0.42238,0.24664,-0.17761,-0.16582
-1.2784,1.264,0.45426,-1.6213,-0.376,2.3657,-4.0514,-0.17761,6.0262
-1.1787,-0.55187,-0.41922,0.61633,-0.376,-0.42238,0.24664,-0.17761,-0.16582
-1.1787,-0.82959,-0.72002,-1.6213,-0.376,2.3657,-4.0514,-0.17761,6.0262
-1.0789,0.57506,-0.8415,-1.6213,-0.376,2.3657,0.24664,-0.17761,-0.16582
-1.5277,0.68187,-1.1481,0.61633,-0.376,-0.42238,0.24664,-0.17761,-0.16582
-1.5277,-0.55721,-0.41922,0.61633,-0.376,-0.42238,0.24664,-0.17761,-0.16582
-1.0291,-0.48778,-0.34981,-1.6213,-0.376,2.3657,-4.0514,-0.17761,6.0262
-1.4778,-0.413,-0.26882,0.61633,-0.376,-0.42238,0.24664,-0.17761,-0.16582
-1.4778,-0.44505,-0.5407,0.61633,-0.376,-0.42238,0.24664,-0.17761,-0.16582
-1.4778,-0.34357,-0.59276,0.61633,-0.376,-0.42238,0.24664,-0.17761,-0.16582
-1.4778,-0.54119,-0.58119,0.61633,-0.376,-0.42238,0.24664,-0.17761,-0.16582
-0.92935,1.4403,-0.60433,-1.6213,-0.376,2.3657,0.24664,-0.17761,-0.16582
-1.428,0.97028,0.1014,0.61633,-0.376,-0.42238,0.24664,-0.17761,-0.16582
-0.77976,-0.88834,-0.78365,0.61633,-0.376,-0.42238,0.24664,-0.17761,-0.16582
-0.77976,-0.59994,-0.47128,0.61633,-0.376,-0.42238,0.24664,-0.17761,-0.16582
-1.428,-0.44505,-0.5407,0.61633,-0.376,-0.42238,0.24664,-0.17761,-0.16582
-1.428,1.3869,0.060905,0.61633,-0.376,-0.42238,0.24664,-0.17761,-0.16582
-0.92935,0.64983,-0.72002,-1.6213,-0.376,2.3657,0.24664,-0.17761,-0.16582
-0.68004,-0.55187,-0.41922,0.61633,-0.376,-0.42238,0.24664,-0.17761,-0.16582
-1.3582,-0.57323,-0.73159,0.61633,-0.376,-0.42238,0.24664,-0.17761,-0.16582
-1.3582,-0.24744,-0.34402,0.61633,-0.376,-0.42238,0.24664,-0.17761,-0.16582
-1.3083,0.79403,-0.88778,0.61633,-0.376,-0.42238,0.24664,-0.17761,-0.16582
-1.3083,-0.30085,-2.01,0.61633,-0.376,-0.42238,0.24664,-0.17761,-0.16582
-1.3083,-0.99516,-1.3563,0.61633,-0.376,-0.42238,-4.0514,-0.17761,6.0262
-0.82963,-0.58391,0.51211,-1.6213,-0.376,2.3657,0.24664,-0.17761,-0.16582
-1.3083,0.27063,0.47161,0.61633,-0.376,-0.42238,0.24664,-0.17761,-0.16582
-1.3083,-0.81891,-0.70845,0.61633,-0.376,-0.42238,0.24664,-0.17761,-0.16582
-1.3083,0.45222,0.66829,0.61633,-0.376,-0.42238,0.24664,-0.17761,-0.16582
-1.3083,-0.13528,0.031982,-1.6213,2.6575,-0.42238,0.24664,-0.17761,-0.16582
-1.2584,3.4004,3.3292,0.61633,-0.376,-0.42238,0.24664,-0.17761,-0.16582
-0.77976,-0.48778,0.45426,-1.6213,-0.376,2.3657,0.24664,-0.17761,-0.16582
-1.2086,1.5044,0.91125,0.61633,-0.376,-0.42238,-4.0514,-0.17761,6.0262
-1.2086,-0.37562,2.5541,0.61633,-0.376,-0.42238,0.24664,-0.17761,-0.16582
-0.7299,-0.48778,-0.34981,-1.6213,-0.376,2.3657,0.24664,-0.17761,-0.16582
-1.2086,2.8342,2.6409,0.61633,-0.376,-0.42238,0.24664,-0.17761,-0.16582
-0.7299,0.64983,-0.6911,-1.6213,-0.376,2.3657,0.24664,-0.17761,-0.16582
-1.162,-0.055166,0.078259,0.61633,-0.376,-0.42238,0.24664,-0.17761,-0.16582
-0.68004,-0.82959,-0.72002,-1.6213,-0.376,2.3657,0.24664,-0.17761,-0.16582
-1.162,1.4563,5.886,0.61633,-0.376,-0.42238,0.24664,-0.17761,-0.16582
-0.68004,0.64983,0.88232,-1.6213,-0.376,2.3657,0.24664,-0.17761,-0.16582
-1.162,0.17449,0.078259,0.61633,-0.376,-0.42238,0.24664,-0.17761,-0.16582
-0.63017,0.04097,-0.025865,-1.6213,-0.376,2.3657,0.24664,-0.17761,-0.16582
-0.58031,-0.73346,-0.8415,-1.6213,-0.376,2.3657,0.24664,-0.17761,-0.16582
-0.28114,-0.59994,-0.47128,0.61633,-0.376,-0.42238,0.24664,-0.17761,-0.16582
-1.1421,-0.2421,0.99223,0.61633,-0.376,-0.42238,0.24664,-0.17761,-0.16582
-1.1421,0.97028,1.2294,0.61633,-0.376,-0.42238,0.24664,-0.17761,-0.16582
-0.28114,0.68722,0.69722,0.61633,-0.376,-0.42238,0.24664,-0.17761,-0.16582
-1.1421,-1.0539,0.28072,0.61633,-0.376,-0.42238,0.24664,-0.17761,-0.16582
-0.28114,1.6219,1.9351,0.61633,-0.376,-0.42238,0.24664,-0.17761,-0.16582
-0.28114,0.32404,0.52946,0.61633,-0.376,-0.42238,0.24664,-0.17761,-0.16582
-1.1188,0.21722,-0.7663,0.61633,-0.376,-0.42238,-4.0514,-0.17761,6.0262
-1.1188,0.030288,-0.78944,0.61633,-0.376,-0.42238,0.24664,-0.17761,-0.16582
-1.1188,-0.2421,0.72035,0.61633,-0.376,-0.42238,0.24664,-0.17761,-0.16582
-1.1188,-0.28482,-0.12999,0.61633,-0.376,-0.42238,0.24664,-0.17761,-0.16582
-1.1188,0.49494,0.90546,0.61633,-0.376,-0.42238,0.24664,-0.17761,-0.16582
-1.1188,-0.95777,-0.85885,-1.6213,2.6575,-0.42238,0.24664,-0.17761,-0.16582
-1.1188,-0.70675,-0.52913,0.61633,-0.376,-0.42238,0.24664,-0.17761,-0.16582
-0.18141,-0.55187,-0.41922,0.61633,-0.376,-0.42238,0.24664,-0.17761,-0.16582
-1.069,0.030288,0.81869,0.61633,-0.376,-0.42238,0.24664,-0.17761,-0.16582
-1.069,-0.40766,-0.78944,-1.6213,2.6575,-0.42238,0.24664,-0.17761,-0.16582
-1.069,5.0133,5.5968,0.61633,-0.376,-0.42238,0.24664,-0.17761,-0.16582
-1.069,1.2801,4.3762,0.61633,-0.376,-0.42238,0.24664,-0.17761,-0.16582
-1.069,-0.59459,-0.4655,0.61633,-0.376,-0.42238,0.24664,-0.17761,-0.16582
-1.069,-0.95777,0.14767,-1.6213,2.6575,-0.42238,0.24664,-0.17761,-0.16582
-0.43072,2.8236,-0.72002,-1.6213,-0.376,2.3657,0.24664,-0.17761,-0.16582
-0.38086,-0.14596,0.020412,-1.6213,-0.376,2.3657,0.24664,-0.17761,-0.16582
-1.0224,-0.63732,-0.49442,-1.6213,2.6575,-0.42238,0.24664,-0.17761,-0.16582
-0.97921,-0.37028,-0.22254,0.61633,-0.376,-0.42238,-4.0514,-0.17761,6.0262
-0.97921,-0.24744,-1.1481,0.61633,-0.376,-0.42238,0.24664,-0.17761,-0.16582
-0.081685,-0.9738,-0.33824,0.61633,-0.376,-0.42238,0.24664,-0.17761,-0.16582
-0.97921,-0.29016,-0.41922,0.61633,-0.376,-0.42238,0.24664,-0.17761,-0.16582
-0.92935,0.2546,-0.58119,0.61633,-0.376,-0.42238,-4.0514,-0.17761,6.0262
-0.92935,-1.0539,-0.96298,0.61633,-0.376,-0.42238,0.24664,-0.17761,-0.16582
-0.031823,-0.9738,1.1658,0.61633,-0.376,-0.42238,0.24664,-0.17761,-0.16582
-0.92935,-0.52516,-0.59276,0.61633,-0.376,-0.42238,0.24664,-0.17761,-0.16582
0.01804,-0.47709,-0.043219,0.61633,-0.376,-0.42238,0.24664,-0.17761,-0.16582
-0.87949,-0.46641,0.1014,0.61633,-0.376,-0.42238,0.24664,-0.17761,-0.16582
0.01804,-0.9738,-0.054788,0.61633,-0.376,-0.42238,0.24664,-0.17761,-0.16582
-0.23127,-0.48778,1.1079,-1.6213,-0.376,2.3657,0.24664,-0.17761,-0.16582
-0.87949,0.19586,0.060905,0.61633,-0.376,-0.42238,0.24664,-0.17761,-0.16582
-0.82963,-0.37028,-0.33824,0.61633,-0.376,-0.42238,-4.0514,-0.17761,6.0262
-0.82963,0.49494,-0.73159,0.61633,-0.376,-0.42238,0.24664,-0.17761,-0.16582
-0.82963,-0.35425,-0.72581,0.61633,-0.376,-0.42238,0.24664,-0.17761,-0.16582
-0.82963,-0.29016,-0.65061,0.61633,-0.376,-0.42238,0.24664,-0.17761,-0.16582
-0.18141,2.8236,0.98645,-1.6213,-0.376,2.3657,0.24664,-0.17761,-0.16582
-0.77976,0.056992,-0.88778,0.61633,-0.376,-0.42238,0.24664,-0.17761,-0.16582
-0.77976,-0.81891,-0.70845,0.61633,-0.376,-0.42238,0.24664,-0.17761,-0.16582
-0.77976,-0.35425,-0.60433,0.61633,-0.376,-0.42238,0.24664,-0.17761,-0.16582
-0.081685,-1.8924,-0.8415,-1.6213,-0.376,2.3657,0.24664,-0.17761,-0.16582
0.16763,-0.10857,0.060905,0.61633,-0.376,-0.42238,0.24664,-0.17761,-0.16582
-0.081685,0.21188,-0.84728,-1.6213,-0.376,2.3657,0.24664,-0.17761,-0.16582
-0.7299,-0.24744,1.4492,0.61633,-0.376,-0.42238,0.24664,-0.17761,-0.16582
-0.7299,0.17983,3.3292,0.61633,-0.376,-0.42238,0.24664,-0.17761,-0.16582
0.21749,-0.59994,-0.47128,0.61633,-0.376,-0.42238,0.24664,-0.17761,-0.16582
0.21749,0.75665,0.69722,0.61633,-0.376,-0.42238,0.24664,-0.17761,-0.16582
0.21749,1.0557,1.322,0.61633,-0.376,-0.42238,0.24664,-0.17761,-0.16582
-0.68004,-0.81891,-0.70845,0.61633,-0.376,-0.42238,0.24664,-0.17761,-0.16582
-0.63017,-0.32221,-0.47128,0.61633,-0.376,-0.42238,0.24664,-0.17761,-0.16582
-0.63017,0.21722,-0.7663,0.61633,-0.376,-0.42238,-4.0514,-0.17761,6.0262
-0.63017,0.70324,-0.78944,0.61633,-0.376,-0.42238,0.24664,-0.17761,-0.16582
-0.63017,-0.42903,0.72035,0.61633,-0.376,-0.42238,0.24664,-0.17761,-0.16582
0.26735,1.0557,0.21131,0.61633,-0.376,-0.42238,0.24664,-0.17761,-0.16582
-0.63017,-0.012439,-0.58698,0.61633,-0.376,-0.42238,0.24664,-0.17761,-0.16582
-0.63017,-0.87766,0.90546,0.61633,-0.376,-0.42238,0.24664,-0.17761,-0.16582
-0.63017,-0.92039,-0.52913,0.61633,-0.376,-0.42238,0.24664,-0.17761,-0.16582
0.31722,-0.55187,-0.41922,0.61633,-0.376,-0.42238,0.24664,-0.17761,-0.16582
0.067903,0.29733,0.50054,-1.6213,-0.376,2.3657,-4.0514,5.6259,-0.16582
0.067903,0.28665,-0.60433,-1.6213,-0.376,2.3657,0.24664,-0.17761,-0.16582
-0.58031,-0.033802,0.14189,0.61633,-0.376,-0.42238,0.24664,-0.17761,-0.16582
0.067903,-0.33289,0.26337,-1.6213,-0.376,2.3657,0.24664,-0.17761,-0.16582
0.11777,-0.14596,0.020412,-1.6213,-0.376,2.3657,-4.0514,5.6259,-0.16582
0.36708,-0.52516,-0.53491,0.61633,-0.376,-0.42238,0.24664,-0.17761,-0.16582
0.36708,0.24926,0.44848,0.61633,-0.376,-0.42238,0.24664,-0.17761,-0.16582
-0.53045,0.20654,0.4022,0.61633,-0.376,-0.42238,0.24664,-0.17761,-0.16582
-0.53045,-0.039143,-0.49442,-1.6213,2.6575,-0.42238,0.24664,-0.17761,-0.16582
0.41694,-0.52516,-0.33824,0.61633,-0.376,-0.42238,0.24664,-0.17761,-0.16582
-0.48059,-0.46641,-0.41922,0.61633,-0.376,-0.42238,0.24664,-0.17761,-0.16582
-0.43072,-0.1513,1.3567,0.61633,-0.376,-0.42238,-4.0514,5.6259,-0.16582
-0.43072,-0.20471,-0.0027264,0.61633,-0.376,-0.42238,0.24664,-0.17761,-0.16582
0.21749,0.57506,0.45426,-1.6213,-0.376,2.3657,0.24664,-0.17761,-0.16582
-0.43072,0.54835,0.51789,0.61633,-0.376,-0.42238,0.24664,-0.17761,-0.16582
-0.43072,-0.39698,-0.59276,0.61633,-0.376,-0.42238,0.24664,-0.17761,-0.16582
-0.40081,0.094379,0.28072,0.61633,-0.376,-0.42238,0.24664,-0.17761,-0.16582
-0.40081,0.21722,-0.30931,0.61633,-0.376,-0.42238,-4.0514,-0.17761,6.0262
0.51667,-0.48244,-0.043219,0.61633,-0.376,-0.42238,0.24664,-0.17761,-0.16582
0.51667,-0.52516,-0.054788,0.61633,-0.376,-0.42238,0.24664,-0.17761,-0.16582
-0.40081,-0.22607,-0.25725,0.61633,-0.376,-0.42238,0.24664,-0.17761,-0.16582
0.26735,0.57506,1.1079,-1.6213,-0.376,2.3657,0.24664,-0.17761,-0.16582
0.26735,-0.80289,-0.6911,-1.6213,-0.376,2.3657,0.24664,-0.17761,-0.16582
0.31722,0.024947,1.1137,-1.6213,-0.376,2.3657,0.24664,-0.17761,-0.16582
-0.38086,0.70324,0.1014,0.61633,-0.376,-0.42238,0.24664,-0.17761,-0.16582
0.31722,0.74597,0.98645,-1.6213,-0.376,2.3657,0.24664,-0.17761,-0.16582
0.61639,-0.59994,-0.47128,0.61633,-0.376,-0.42238,0.24664,-0.17761,-0.16582
0.36708,1.7981,-0.025865,-1.6213,-0.376,2.3657,0.24664,-0.17761,-0.16582
-0.331,-0.87766,-0.73159,0.61633,-0.376,-0.42238,0.24664,-0.17761,-0.16582
-0.331,-0.16198,-0.65061,0.61633,-0.376,-0.42238,0.24664,-0.17761,-0.16582
-0.331,-0.80823,-0.34402,0.61633,-0.376,-0.42238,0.24664,-0.17761,-0.16582
-0.28114,-0.46641,-2.01,0.61633,-0.376,-0.42238,0.24664,-0.17761,-0.16582
0.41694,0.79937,-0.45971,-1.6213,-0.376,2.3657,0.24664,-0.17761,-0.16582
0.41694,0.024947,-0.84728,-1.6213,-0.376,2.3657,-4.0514,-0.17761,6.0262
-0.28114,0.62313,0.63358,0.61633,-0.376,-0.42238,0.24664,-0.17761,-0.16582
-0.28114,0.4629,-1.2811,0.61633,-0.376,-0.42238,0.24664,-0.17761,-0.16582
-0.28114,0.62313,-0.60433,0.61633,-0.376,-0.42238,0.24664,-0.17761,-0.16582
-0.28114,0.43085,0.42534,-1.6213,2.6575,-0.42238,0.24664,-0.17761,-0.16582
-0.28114,-1.0112,-0.63325,0.61633,-0.376,-0.42238,-4.0514,5.6259,-0.16582
0.71612,-0.59994,-0.47128,0.61633,-0.376,-0.42238,0.24664,-0.17761,-0.16582
-0.23127,-0.033802,1.4492,0.61633,-0.376,-0.42238,-4.0514,-0.17761,6.0262
-0.23127,-0.87766,0.13611,0.61633,-0.376,-0.42238,0.24664,-0.17761,-0.16582
0.4668,1.7981,2.126,-1.6213,-0.376,2.3657,0.24664,-0.17761,-0.16582
-0.23127,-0.039143,-0.060573,-1.6213,2.6575,-0.42238,0.24664,-0.17761,-0.16582
0.71612,0.32404,0.52946,0.61633,-0.376,-0.42238,0.24664,-0.17761,-0.16582
0.51667,-0.21005,-0.049004,-1.6213,-0.376,2.3657,-4.0514,-0.17761,6.0262
-0.18141,0.15313,-1.1134,0.61633,-0.376,-0.42238,0.24664,-0.17761,-0.16582
0.81584,-0.55187,-0.41922,0.61633,-0.376,-0.42238,0.24664,-0.17761,-0.16582
-0.13155,0.27063,-0.47128,0.61633,-0.376,-0.42238,0.24664,-0.17761,-0.16582
-0.13155,-0.0017571,-0.7663,0.61633,-0.376,-0.42238,-4.0514,-0.17761,6.0262
0.56653,0.29733,0.50054,-1.6213,-0.376,2.3657,0.24664,-0.17761,-0.16582
-0.13155,0.70324,-0.78944,0.61633,-0.376,-0.42238,0.24664,-0.17761,-0.16582
-0.13155,-0.012439,-0.58698,0.61633,-0.376,-0.42238,0.24664,-0.17761,-0.16582
-0.13155,-0.95777,0.18817,-1.6213,2.6575,-0.42238,0.24664,-0.17761,-0.16582
-0.13155,-0.092552,-0.52913,0.61633,-0.376,-0.42238,0.24664,-0.17761,-0.16582
0.61639,-0.14596,0.020412,-1.6213,-0.376,2.3657,0.24664,-0.17761,-0.16582
-0.081685,0.70324,0.81869,0.61633,-0.376,-0.42238,0.24664,-0.17761,-0.16582
-0.081685,-0.39698,-0.78944,-1.6213,2.6575,-0.42238,0.24664,-0.17761,-0.16582
0.86571,-0.65868,-0.53491,0.61633,-0.376,-0.42238,0.24664,-0.17761,-0.16582
0.86571,-0.78687,-0.67375,0.61633,-0.376,-0.42238,0.24664,-0.17761,-0.16582
-0.081685,0.83676,4.3762,0.61633,-0.376,-0.42238,0.24664,-0.17761,-0.16582
-0.081685,-0.95777,0.14767,-1.6213,2.6575,-0.42238,0.24664,-0.17761,-0.16582
-0.081685,-0.39164,0.30964,0.61633,-0.376,-0.42238,0.24664,-0.17761,-0.16582
0.66625,-1.0806,0.51211,-1.6213,-0.376,2.3657,0.24664,-0.17761,-0.16582
-0.031823,-0.31153,0.45426,0.61633,-0.376,-0.42238,0.24664,-0.17761,-0.16582
-0.031823,0.83676,-0.57541,0.61633,-0.376,-0.42238,0.24664,-0.17761,-0.16582
-0.031823,0.67653,-0.49442,-1.6213,2.6575,-0.42238,0.24664,-0.17761,-0.16582
0.01804,-0.16198,-0.41922,0.61633,-0.376,-0.42238,-4.0514,-0.17761,6.0262
1.0153,-0.51448,-0.043219,0.61633,-0.376,-0.42238,-4.0514,5.6259,-0.16582
1.0153,-0.21539,-0.054788,0.61633,-0.376,-0.42238,0.24664,-0.17761,-0.16582
0.067903,-0.59994,-0.25725,0.61633,-0.376,-0.42238,0.24664,-0.17761,-0.16582
1.0652,-0.73346,-0.6159,0.61633,-0.376,-0.42238,0.24664,-0.17761,-0.16582
0.81584,0.86346,1.1137,-1.6213,-0.376,2.3657,0.24664,-0.17761,-0.16582
1.115,-0.59994,-0.47128,0.61633,-0.376,-0.42238,0.24664,-0.17761,-0.16582
0.86571,-0.18869,-0.025865,-1.6213,-0.376,2.3657,0.24664,-0.17761,-0.16582
0.16763,-0.25812,-0.72581,0.61633,-0.376,-0.42238,0.24664,-0.17761,-0.16582
0.16763,-0.16198,-0.65061,0.61633,-0.376,-0.42238,-4.0514,-0.17761,6.0262
0.21749,-0.39698,0.54103,0.61633,-0.376,-0.42238,0.24664,-0.17761,-0.16582
0.91557,-1.0806,-0.8415,-1.6213,-0.376,2.3657,0.24664,-0.17761,-0.16582
0.21749,-0.90971,-1.3563,0.61633,-0.376,-0.42238,-4.0514,-0.17761,6.0262
0.21749,0.4629,-1.2811,0.61633,-0.376,-0.42238,0.24664,-0.17761,-0.16582
0.21749,-0.25812,-0.60433,0.61633,-0.376,-0.42238,0.24664,-0.17761,-0.16582
0.21749,0.14779,-1.1597,0.61633,-0.376,-0.42238,0.24664,-0.17761,-0.16582
0.21749,-0.30619,-0.63325,0.61633,-0.376,-0.42238,-4.0514,5.6259,-0.16582
0.21749,0.3187,0.42534,-1.6213,2.6575,-0.42238,0.24664,-0.17761,-0.16582
1.2147,-0.59994,-0.47128,0.61633,-0.376,-0.42238,0.24664,-0.17761,-0.16582
1.2147,0.47892,0.69722,0.61633,-0.376,-0.42238,0.24664,-0.17761,-0.16582
0.26735,-0.033802,1.4492,0.61633,-0.376,-0.42238,0.24664,-0.17761,-0.16582
0.26735,2.8182,0.13611,0.61633,-0.376,-0.42238,0.24664,-0.17761,-0.16582
0.26735,-0.23141,-0.060573,-1.6213,2.6575,-0.42238,0.24664,-0.17761,-0.16582
1.2147,0.32404,0.52946,0.61633,-0.376,-0.42238,0.24664,-0.17761,-0.16582
1.3145,-0.55187,-0.41922,0.61633,-0.376,-0.42238,0.24664,-0.17761,-0.16582
1.0153,-0.21005,-0.049004,-1.6213,-0.376,2.3657,0.24664,-0.17761,-0.16582
1.0652,0.29733,0.50054,-1.6213,-0.376,2.3657,0.24664,-0.17761,-0.16582
0.3704,-0.89368,-0.78944,0.61633,-0.376,-0.42238,0.24664,-0.17761,-0.16582
0.3704,-0.20471,-0.043219,0.61633,-0.376,-0.42238,0.24664,-0.17761,-0.16582
0.3704,2.8182,0.90546,0.61633,-0.376,-0.42238,0.24664,-0.17761,-0.16582
0.3704,0.46824,0.18817,-1.6213,2.6575,-0.42238,0.24664,-0.17761,-0.16582
1.0652,-0.82959,-0.72002,-1.6213,-0.376,2.3657,0.24664,-0.17761,-0.16582
0.3704,-0.65334,-0.52913,0.61633,-0.376,-0.42238,0.24664,-0.17761,-0.16582
1.115,-0.14596,0.020412,-1.6213,-0.376,2.3657,0.24664,-0.17761,-0.16582
1.1649,-1.0806,0.51211,-1.6213,-0.376,2.3657,0.24664,-0.17761,-0.16582
0.41694,1.3976,4.3762,0.61633,-0.376,-0.42238,0.24664,-0.17761,-0.16582
0.41694,-0.41835,0.30964,0.61633,-0.376,-0.42238,0.24664,-0.17761,-0.16582
0.41694,0.46824,0.14767,-1.6213,2.6575,-0.42238,0.24664,-0.17761,-0.16582
1.3643,-1.2836,-0.58698,-1.6213,-0.376,2.3657,0.24664,-0.17761,-0.16582
0.44021,8.3834,2.5078,-1.6213,2.6575,-0.42238,0.24664,-0.17761,-0.16582
0.44021,2.172,0.0088429,0.61633,-0.376,-0.42238,-4.0514,-0.17761,6.0262
1.4142,-1.0806,-0.8415,-1.6213,-0.376,2.3657,0.24664,-0.17761,-0.16582
0.44021,-0.1513,0.014628,0.61633,-0.376,-0.42238,0.24664,-0.17761,-0.16582
0.44021,0.2546,-0.072142,0.61633,-0.376,-0.42238,0.24664,-0.17761,-0.16582
0.44021,2.8182,0.060905,0.61633,-0.376,-0.42238,0.24664,-0.17761,-0.16582
1.4641,-0.71743,-0.59854,-1.6213,-0.376,2.3657,-4.0514,-0.17761,6.0262
1.5638,-0.72278,-0.60433,-1.6213,-0.376,2.3657,0.24664,-0.17761,-0.16582
0.56653,-0.67471,-1.1481,0.61633,-0.376,-0.42238,0.24664,-0.17761,-0.16582
0.56653,-0.097893,-0.41922,0.61633,-0.376,-0.42238,0.24664,-0.17761,-0.16582
1.5638,-1.2836,0.26337,-1.6213,-0.376,2.3657,0.24664,-0.17761,-0.16582
1.5638,-0.82959,-0.72002,-1.6213,-0.376,2.3657,0.24664,-0.17761,-0.16582
0.61639,0.083697,-0.30931,0.61633,-0.376,-0.42238,-4.0514,-0.17761,6.0262
0.61639,-0.43437,0.63358,0.61633,-0.376,-0.42238,-4.0514,-0.17761,6.0262
1.6136,-0.14596,0.020412,-1.6213,-0.376,2.3657,0.24664,-0.17761,-0.16582
0.61639,-0.40232,-0.25725,0.61633,-0.376,-0.42238,0.24664,-0.17761,-0.16582
0.61639,2.5405,0.33278,0.61633,-0.376,-0.42238,0.24664,-0.17761,-0.16582
0.66625,-0.071188,0.1014,0.61633,-0.376,-0.42238,0.24664,-0.17761,-0.16582
0.66625,-0.19937,0.060905,0.61633,-0.376,-0.42238,0.24664,-0.17761,-0.16582
0.73939,0.98096,1.241,0.61633,-0.376,-0.42238,0.24664,-0.17761,-0.16582
0.73939,2.172,2.5309,0.61633,-0.376,-0.42238,-4.0514,-0.17761,6.0262
0.73939,0.44154,0.65672,0.61633,-0.376,-0.42238,0.24664,-0.17761,-0.16582
0.73939,-0.67471,0.67408,0.61633,-0.376,-0.42238,0.24664,-0.17761,-0.16582
0.73939,0.2279,0.42534,0.61633,-0.376,-0.42238,0.24664,-0.17761,-0.16582
0.73939,2.8182,-0.67375,0.61633,-0.376,-0.42238,0.24664,-0.17761,-0.16582
1.7134,0.2546,0.45426,-1.6213,-0.376,2.3657,-4.0514,-0.17761,6.0262
0.78925,-0.65868,0.61045,0.61633,-0.376,-0.42238,0.24664,-0.17761,-0.16582
1.9128,-0.58925,-0.45971,-1.6213,-0.376,2.3657,0.24664,-0.17761,-0.16582
1.9128,-0.94175,-0.8415,-1.6213,-0.376,2.3657,0.24664,-0.17761,-0.16582
0.83579,2.8182,-0.0027264,0.61633,-0.376,-0.42238,0.24664,-0.17761,-0.16582
0.83579,-0.50914,-0.37294,0.61633,-0.376,-0.42238,0.24664,-0.17761,-0.16582
0.879,2.8182,0.13611,0.61633,-0.376,-0.42238,0.24664,-0.17761,-0.16582
0.879,-0.65868,3.3292,0.61633,-0.376,-0.42238,0.24664,-0.17761,-0.16582
0.92887,0.62847,0.85919,0.61633,-0.376,-0.42238,0.24664,-0.17761,-0.16582
0.96543,0.0035837,-0.083711,0.61633,-0.376,-0.42238,0.24664,-0.17761,-0.16582
1.0153,0.73528,0.59309,0.61633,-0.376,-0.42238,0.24664,-0.17761,-0.16582
1.0153,2.1506,2.5078,-1.6213,2.6575,-0.42238,-4.0514,-0.17761,6.0262
1.0153,0.056992,0.67986,0.61633,-0.376,-0.42238,0.24664,-0.17761,-0.16582
1.0153,-1.1554,0.0088429,0.61633,-0.376,-0.42238,0.24664,-0.17761,-0.16582
1.0153,0.55903,-0.072142,0.61633,-0.376,-0.42238,0.24664,-0.17761,-0.16582
1.0153,-0.1513,0.014628,0.61633,-0.376,-0.42238,0.24664,-0.17761,-0.16582
1.0153,-0.14596,0.020412,0.61633,-0.376,-0.42238,0.24664,-0.17761,-0.16582
1.0153,0.10506,1.455,0.61633,-0.376,-0.42238,0.24664,-0.17761,-0.16582
1.0153,0.51097,0.73192,0.61633,-0.376,-0.42238,0.24664,-0.17761,-0.16582
1.0153,0.33472,0.54103,0.61633,-0.376,-0.42238,-4.0514,-0.17761,6.0262
1.0153,-0.50914,-0.37294,0.61633,-0.376,-0.42238,0.24664,-0.17761,-0.16582
1.115,-0.55721,-0.35559,0.61633,-0.376,-0.42238,0.24664,-0.17761,-0.16582
1.1616,0.42017,0.63358,0.61633,-0.376,-0.42238,-4.0514,-0.17761,6.0262
1.1616,0.22256,0.41955,0.61633,-0.376,-0.42238,0.24664,-0.17761,-0.16582
1.1616,-0.40232,-0.25725,0.61633,-0.376,-0.42238,0.24664,-0.17761,-0.16582
1.2147,-0.071188,0.1014,0.61633,-0.376,-0.42238,0.24664,-0.17761,-0.16582
1.2147,-0.66403,-0.5407,0.61633,-0.376,-0.42238,0.24664,-0.17761,-0.16582
1.2147,-0.66403,0.060905,0.61633,-0.376,-0.42238,0.24664,-0.17761,-0.16582
1.2646,0.98096,1.241,0.61633,-0.376,-0.42238,0.24664,-0.17761,-0.16582
1.2646,0.45756,0.67408,0.61633,-0.376,-0.42238,0.24664,-0.17761,-0.16582
1.2646,-1.0432,-0.39608,0.61633,-0.376,-0.42238,0.24664,-0.17761,-0.16582
1.2646,-0.55187,-0.67375,0.61633,-0.376,-0.42238,0.24664,-0.17761,-0.16582
1.3643,-0.55187,-0.63904,0.61633,-0.376,-0.42238,0.24664,-0.17761,-0.16582
1.3643,-0.66403,-0.5407,0.61633,-0.376,-0.42238,0.24664,-0.17761,-0.16582
1.3643,-0.87766,-0.77208,-1.6213,2.6575,-0.42238,0.24664,-0.17761,-0.16582
1.4142,-0.45573,-0.3151,0.61633,-0.376,-0.42238,0.24664,-0.17761,-0.16582
1.4142,-0.039143,0.13611,0.61633,-0.376,-0.42238,0.24664,-0.17761,-0.16582
1.4142,-1.0219,-0.060573,-1.6213,2.6575,-0.42238,0.24664,-0.17761,-0.16582
1.5139,0.38279,0.59309,0.61633,-0.376,-0.42238,0.24664,-0.17761,-0.16582
1.5139,0.33472,0.54103,0.61633,-0.376,-0.42238,-4.0514,-0.17761,6.0262
1.5638,0.2546,0.45426,0.61633,-0.376,-0.42238,0.24664,-0.17761,-0.16582
1.5638,-0.69607,-0.57541,0.61633,-0.376,-0.42238,0.24664,-0.17761,-0.16582
1.6136,-1.2248,-1.1481,0.61633,-0.376,-0.42238,0.24664,-0.17761,-0.16582
1.6635,0.42017,0.63358,0.61633,-0.376,-0.42238,0.24664,-0.17761,-0.16582
1.6635,-0.033802,0.14189,0.61633,-0.376,-0.42238,-4.0514,-0.17761,6.0262
1.6635,0.14245,0.33278,0.61633,-0.376,-0.42238,0.24664,-0.17761,-0.16582
1.7134,-0.071188,0.1014,0.61633,-0.376,-0.42238,0.24664,-0.17761,-0.16582
1.7134,-0.66403,-0.5407,0.61633,-0.376,-0.42238,0.24664,-0.17761,-0.16582
1.8131,0.39881,0.61045,0.61633,-0.376,-0.42238,-4.0514,-0.17761,6.0262
1.9128,-0.039143,0.13611,0.61633,-0.376,-0.42238,0.24664,-0.17761,-0.16582
1.9128,2.909,3.3292,0.61633,-0.376,-0.42238,0.24664,-0.17761,-0.16582
2.0125,-0.15664,0.0088429,0.61633,-0.376,-0.42238,0.24664,-0.17761,-0.16582
2.0125,-0.1513,0.014628,0.61633,-0.376,-0.42238,0.24664,-0.17761,-0.16582
2.0125,-0.14596,0.020412,0.61633,-0.376,-0.42238,0.24664,-0.17761,-0.16582
2.0125,0.33472,0.54103,0.61633,-0.376,-0.42238,0.24664,-0.17761,-0.16582
2.1123,-1.2248,-1.1481,0.61633,-0.376,-0.42238,0.24664,-0.17761,-0.16582
-1.7737,-0.79755,-0.32088,0.61633,-0.376,-0.42238,0.24664,-0.17761,-0.16582
-1.6773,-0.85096,-0.74316,-1.6213,-0.376,2.3657,0.24664,-0.17761,-0.16582
-1.7737,-0.01778,0.52368,0.61633,-0.376,-0.42238,0.24664,-0.17761,-0.16582
-1.6773,1.7661,-0.71424,0.61633,-0.376,-0.42238,0.24664,-0.17761,-0.16582
-1.674,-1.1394,-1.0555,-1.6213,2.6575,-0.42238,0.24664,-0.17761,-0.16582
-1.674,-0.46641,-0.33245,-1.6213,2.6575,-0.42238,0.24664,-0.17761,-0.16582
-1.674,-0.34891,-0.47128,0.61633,-0.376,-0.42238,0.24664,-0.17761,-0.16582
-1.674,-1.2729,-1.2001,-1.6213,2.6575,-0.42238,0.24664,-0.17761,-0.16582
-1.674,0.1104,0.29808,0.61633,-0.376,-0.42238,0.24664,-0.17761,-0.16582
-1.674,-0.34357,-0.19362,0.61633,-0.376,-0.42238,0.24664,-0.17761,-0.16582
-1.5776,0.083697,-0.30931,-1.6213,-0.376,2.3657,0.24664,-0.17761,-0.16582
-1.674,-0.01778,0.15924,0.61633,-0.376,-0.42238,0.24664,-0.17761,-0.16582
-1.674,-0.47709,-0.33824,0.61633,-0.376,-0.42238,0.24664,-0.17761,-0.16582
-1.5776,-0.30619,-0.47128,-1.6213,-0.376,2.3657,0.24664,-0.17761,-0.16582
-1.674,-0.78687,-0.35559,0.61633,-0.376,-0.42238,0.24664,-0.17761,-0.16582
-1.674,-0.94709,-0.34402,-1.6213,2.6575,-0.42238,0.24664,-0.17761,-0.16582
-1.674,0.12642,0.31543,0.61633,-0.376,-0.42238,0.24664,-0.17761,-0.16582
-1.674,-0.54119,-0.40765,0.61633,-0.376,-0.42238,0.24664,-0.17761,-0.16582
-1.4778,-0.413,-0.74316,-1.6213,-0.376,2.3657,0.24664,-0.17761,-0.16582
-1.3781,-1.385,-1.3216,-1.6213,-0.376,2.3657,0.24664,-0.17761,-0.16582
-1.5742,0.16915,-0.45393,0.61633,-0.376,-0.42238,0.24664,-0.17761,-0.16582
-1.5742,-1.1607,-1.0787,0.61633,-0.376,-0.42238,0.24664,-0.17761,-0.16582
-1.5742,-0.79755,-0.68531,0.61633,-0.376,-0.42238,0.24664,-0.17761,-0.16582
-1.1787,1.7661,-0.71424,0.61633,-0.376,-0.42238,0.24664,-0.17761,-0.16582
-1.5742,-0.47709,-0.33824,0.61633,-0.376,-0.42238,0.24664,-0.17761,-0.16582
-1.0789,-0.413,-0.47707,-1.6213,-0.376,2.3657,0.24664,-0.17761,-0.16582
-0.97921,1.7661,-0.066357,0.61633,-0.376,-0.42238,0.24664,-0.17761,-0.16582
-1.5144,-0.76016,-0.64482,0.61633,-0.376,-0.42238,0.24664,-0.17761,-0.16582
-1.5144,-0.35425,-0.54648,0.61633,-0.376,-0.42238,-4.0514,5.6259,-0.16582
-1.5144,-1.1233,-1.0382,0.61633,-0.376,-0.42238,0.24664,-0.17761,-0.16582
-1.5144,-0.33289,-0.62168,-1.6213,2.6575,-0.42238,0.24664,-0.17761,-0.16582
-1.5144,-1.4438,-0.62747,0.61633,-0.376,-0.42238,0.24664,-0.17761,-0.16582
-1.5144,0.16915,-0.52334,0.61633,-0.376,-0.42238,0.24664,-0.17761,-0.16582
-1.5144,-0.47175,-0.33245,0.61633,-0.376,-0.42238,0.24664,-0.17761,-0.16582
-1.0291,-0.70675,-0.58698,-1.6213,-0.376,2.3657,0.24664,-0.17761,-0.16582
-1.5144,-1.2729,-1.2001,-1.6213,2.6575,-0.42238,0.24664,-0.17761,-0.16582
-1.5144,-0.1246,0.043551,-1.6213,2.6575,-0.42238,0.24664,-0.17761,-0.16582
-1.5144,-0.17801,-0.59854,0.61633,-0.376,-0.42238,0.24664,-0.17761,-0.16582
-1.0291,-1.385,-0.7663,-1.6213,-0.376,2.3657,0.24664,-0.17761,-0.16582
-1.4645,-1.1233,-1.9117,0.61633,-0.376,-0.42238,0.24664,-0.17761,-0.16582
-1.4645,-1.4438,-1.3853,0.61633,-0.376,-0.42238,0.24664,-0.17761,-0.16582
-1.4645,-0.17801,-0.98612,0.61633,-0.376,-0.42238,0.24664,-0.17761,-0.16582
-1.4645,-0.94709,-0.44236,-1.6213,2.6575,-0.42238,0.24664,-0.17761,-0.16582
-0.97921,-0.85096,0.17081,-1.6213,-0.376,2.3657,0.24664,-0.17761,-0.16582
-0.77976,-0.097893,-0.4655,0.61633,-0.376,-0.42238,0.24664,-0.17761,-0.16582
-0.92935,-0.413,-0.63904,-1.6213,-0.376,2.3657,0.24664,-0.17761,-0.16582
-1.4147,-1.1233,-0.99769,0.61633,-0.376,-0.42238,0.24664,-0.17761,-0.16582
-1.4147,-0.7388,-0.39608,0.61633,-0.376,-0.42238,0.24664,-0.17761,-0.16582
-1.4147,-0.42369,-0.94562,0.61633,-0.376,-0.42238,0.24664,-0.17761,-0.16582
-1.4147,-0.47175,-0.80679,0.61633,-0.376,-0.42238,0.24664,-0.17761,-0.16582
-1.4147,-0.39698,-0.25147,0.61633,-0.376,-0.42238,0.24664,-0.17761,-0.16582
-1.4147,0.26529,0.46583,0.61633,-0.376,-0.42238,0.24664,-0.17761,-0.16582
-1.4147,-0.51448,-0.72002,-1.6213,2.6575,-0.42238,-4.0514,5.6259,-0.16582
-1.4147,-0.34891,-0.92248,0.61633,-0.376,-0.42238,0.24664,-0.17761,-0.16582
-1.4147,-0.94709,-0.84728,-1.6213,2.6575,-0.42238,0.24664,-0.17761,-0.16582
-1.4147,-0.78687,-0.67375,0.61633,-0.376,-0.42238,0.24664,-0.17761,-0.16582
-1.3548,-0.31687,-0.85885,0.61633,-0.376,-0.42238,0.24664,-0.17761,-0.16582
-1.3548,0.94358,-0.80679,0.61633,-0.376,-0.42238,0.24664,-0.17761,-0.16582
-1.3548,-0.37562,-0.22833,0.61633,-0.376,-0.42238,0.24664,-0.17761,-0.16582
-0.68004,1.7661,-0.71424,0.61633,-0.376,-0.42238,0.24664,-0.17761,-0.16582
-0.82963,-0.17801,-0.65061,-1.6213,-0.376,2.3657,0.24664,-0.17761,-0.16582
-1.305,0.16915,0.36171,0.61633,-0.376,-0.42238,0.24664,-0.17761,-0.16582
-1.305,-0.33289,-0.18205,-1.6213,2.6575,-0.42238,0.24664,-0.17761,-0.16582
-1.305,-0.61062,-0.48285,0.61633,-0.376,-0.42238,0.24664,-0.17761,-0.16582
-1.305,0.91153,-0.78365,0.61633,-0.376,-0.42238,0.24664,-0.17761,-0.16582
-1.305,-0.49312,-0.88199,0.61633,-0.376,-0.42238,0.24664,-0.17761,-0.16582
-1.305,0.019606,0.19974,0.61633,-0.376,-0.42238,0.24664,-0.17761,-0.16582
-0.77976,-0.30619,-0.45971,-1.6213,-0.376,2.3657,0.24664,-0.17761,-0.16582
-0.58031,-0.19403,-0.03165,0.61633,-0.376,-0.42238,0.24664,-0.17761,-0.16582
-1.2551,-0.90971,-0.80679,0.61633,-0.376,-0.42238,0.24664,-0.17761,-0.16582
-1.2551,0.66051,0.89389,0.61633,-0.376,-0.42238,0.24664,-0.17761,-0.16582
-1.2551,0.030288,-0.32667,0.61633,-0.376,-0.42238,0.24664,-0.17761,-0.16582
-1.2551,0.91153,-0.59276,0.61633,-0.376,-0.42238,0.24664,-0.17761,-0.16582
-1.2551,0.056992,-0.62747,-1.6213,2.6575,-0.42238,0.24664,-0.17761,-0.16582
-1.2551,1.3708,-0.69688,0.61633,-0.376,-0.42238,0.24664,-0.17761,-0.16582
-1.2551,-0.32755,-0.71424,0.61633,-0.376,-0.42238,0.24664,-0.17761,-0.16582
-0.53045,-0.21539,-0.054788,0.61633,-0.376,-0.42238,0.24664,-0.17761,-0.16582
-0.7299,-0.85096,-0.48864,-1.6213,-0.376,2.3657,0.24664,-0.17761,-0.16582
-1.2053,0.21722,-0.59854,0.61633,-0.376,-0.42238,0.24664,-0.17761,-0.16582
-1.2053,-0.35425,-0.63325,0.61633,-0.376,-0.42238,0.24664,-0.17761,-0.16582
-1.2053,-0.73346,-1.1597,0.61633,-0.376,-0.42238,0.24664,-0.17761,-0.16582
-1.2053,-0.61062,-0.48285,0.61633,-0.376,-0.42238,0.24664,-0.17761,-0.16582
-1.2053,-0.61062,-0.3151,-1.6213,2.6575,-0.42238,0.24664,-0.17761,-0.16582
-0.48059,1.7661,-0.066357,0.61633,-0.376,-0.42238,0.24664,-0.17761,-0.16582
-1.1554,-0.56789,-0.32088,0.61633,-0.376,-0.42238,0.24664,-0.17761,-0.16582
-1.1554,-0.13528,-0.65639,0.61633,-0.376,-0.42238,0.24664,-0.17761,-0.16582
-1.1554,-0.73346,-0.72581,0.61633,-0.376,-0.42238,0.24664,-0.17761,-0.16582
-1.1554,0.12642,-0.78944,0.61633,-0.376,-0.42238,0.24664,-0.17761,-0.16582
-1.1554,-0.51448,-0.37873,-1.6213,2.6575,-0.42238,0.24664,-0.17761,-0.16582
-0.63017,-0.30619,0.50632,-1.6213,-0.376,2.3657,0.24664,-0.17761,-0.16582
-0.63017,-1.385,-1.3216,-1.6213,-0.376,2.3657,0.24664,-0.17761,-0.16582
-1.1155,0.04097,-0.8415,0.61633,-0.376,-0.42238,0.24664,-0.17761,-0.16582
-1.1155,-0.87232,-0.7663,0.61633,-0.376,-0.42238,0.24664,-0.17761,-0.16582
-1.1155,1.3708,0.15924,0.61633,-0.376,-0.42238,0.24664,-0.17761,-0.16582
-1.1155,-1.3103,-1.2406,-1.6213,2.6575,-0.42238,0.24664,-0.17761,-0.16582
-1.1155,0.80471,-0.85885,0.61633,-0.376,-0.42238,0.24664,-0.17761,-0.16582
-1.1155,0.014265,0.19395,0.61633,-0.376,-0.42238,0.24664,-0.17761,-0.16582
-0.58031,-0.413,-0.47707,-1.6213,-0.376,2.3657,0.24664,-0.17761,-0.16582
-0.58031,-0.30619,-0.47128,-1.6213,-0.376,2.3657,0.24664,-0.17761,-0.16582
-1.0656,-0.29016,-1.3448,0.61633,-0.376,-0.42238,0.24664,-0.17761,-0.16582
-1.0656,-0.48244,-1.015,-1.6213,2.6575,-0.42238,0.24664,-0.17761,-0.16582
-1.0656,-0.48778,-0.34981,0.61633,-0.376,-0.42238,0.24664,-0.17761,-0.16582
-1.0656,-0.8563,-0.74895,0.61633,-0.376,-0.42238,0.24664,-0.17761,-0.16582
-1.0656,-0.8563,-0.74895,0.61633,-0.376,-0.42238,0.24664,-0.17761,-0.16582
-1.0656,-0.413,-0.67953,0.61633,-0.376,-0.42238,0.24664,-0.17761,-0.16582
-1.0656,-0.413,-0.67953,0.61633,-0.376,-0.42238,0.24664,-0.17761,-0.16582
-1.0656,-0.89902,-0.89356,0.61633,-0.376,-0.42238,0.24664,-0.17761,-0.16582
-1.0656,1.3708,-0.11842,0.61633,-0.376,-0.42238,0.24664,-0.17761,-0.16582
-0.331,-0.90971,-0.80679,0.61633,-0.376,-0.42238,0.24664,-0.17761,-0.16582
-0.53045,-0.17801,-0.58698,-1.6213,-0.376,2.3657,0.24664,-0.17761,-0.16582
-1.0125,-1.1233,-1.0382,0.61633,-0.376,-0.42238,0.24664,-0.17761,-0.16582
-1.0125,-0.33289,-0.72581,-1.6213,2.6575,-0.42238,0.24664,-0.17761,-0.16582
-1.0125,-0.79221,-0.50599,0.61633,-0.376,-0.42238,0.24664,-0.17761,-0.16582
-1.0125,-0.31153,-0.77208,0.61633,-0.376,-0.42238,0.24664,-0.17761,-0.16582
-0.28114,0.15847,0.35014,0.61633,-0.376,-0.42238,0.24664,-0.17761,-0.16582
-0.28114,-0.52516,-0.4655,0.61633,-0.376,-0.42238,0.24664,-0.17761,-0.16582
-0.48059,-0.413,-0.74316,-1.6213,-0.376,2.3657,0.24664,-0.17761,-0.16582
-0.48059,-0.85096,0.17081,-1.6213,-0.376,2.3657,0.24664,-0.17761,-0.16582
-0.97589,-0.59459,-0.049004,0.61633,-0.376,-0.42238,0.24664,-0.17761,-0.16582
-0.97589,-0.38096,-0.62747,-1.6213,2.6575,-0.42238,0.24664,-0.17761,-0.16582
-0.92603,0.024947,0.53525,0.61633,-0.376,-0.42238,-4.0514,5.6259,-0.16582
-0.92603,-1.1233,-1.9117,0.61633,-0.376,-0.42238,0.24664,-0.17761,-0.16582
-0.92603,0.089038,-0.63325,0.61633,-0.376,-0.42238,0.24664,-0.17761,-0.16582
-0.92603,-0.44505,-0.44236,-1.6213,2.6575,-0.42238,0.24664,-0.17761,-0.16582
-0.92603,-0.3863,-0.2399,-1.6213,2.6575,-0.42238,0.24664,-0.17761,-0.16582
-0.18141,-0.82425,-0.71424,0.61633,-0.376,-0.42238,0.24664,-0.17761,-0.16582
-0.38086,-0.87232,-0.7663,-1.6213,-0.376,2.3657,0.24664,-0.17761,-0.16582
-0.87616,-0.46107,-0.32088,0.61633,-0.376,-0.42238,0.24664,-0.17761,-0.16582
-0.87616,-0.0017571,0.52368,0.61633,-0.376,-0.42238,0.24664,-0.17761,-0.16582
-0.87616,-0.46641,-0.94562,0.61633,-0.376,-0.42238,0.24664,-0.17761,-0.16582
-0.87616,0.80471,-0.02008,0.61633,-0.376,-0.42238,0.24664,-0.17761,-0.16582
-0.13155,3.7742,4.2663,0.61633,-0.376,-0.42238,0.24664,-0.17761,-0.16582
-0.8263,-0.34891,-0.45393,0.61633,-0.376,-0.42238,0.24664,-0.17761,-0.16582
-0.8263,-0.34891,-0.45393,0.61633,-0.376,-0.42238,0.24664,-0.17761,-0.16582
-0.8263,-0.34891,-0.45393,0.61633,-0.376,-0.42238,0.24664,-0.17761,-0.16582
-0.8263,0.18517,0.37906,0.61633,-0.376,-0.42238,0.24664,-0.17761,-0.16582
-0.28114,-0.30619,-0.45971,-1.6213,-0.376,2.3657,0.24664,-0.17761,-0.16582
-0.77644,0.82074,-0.85885,0.61633,-0.376,-0.42238,0.24664,-0.17761,-0.16582
-0.23127,-0.67471,-0.48864,-1.6213,-0.376,2.3657,0.24664,-0.17761,-0.16582
-0.72658,0.86881,1.1195,0.61633,-0.376,-0.42238,0.24664,-0.17761,-0.16582
-0.72658,-0.39164,-0.72002,0.61633,-0.376,-0.42238,0.24664,-0.17761,-0.16582
0.01804,-0.22607,-0.066357,0.61633,-0.376,-0.42238,0.24664,-0.17761,-0.16582
-0.67671,-0.43971,-0.59854,0.61633,-0.376,-0.42238,0.24664,-0.17761,-0.16582
-0.67671,-1.15,-0.61011,0.61633,-0.376,-0.42238,0.24664,-0.17761,-0.16582
-0.67671,-0.18869,-0.025865,0.61633,-0.376,-0.42238,0.24664,-0.17761,-0.16582
-0.13155,-0.30619,-0.51756,-1.6213,-0.376,2.3657,0.24664,-0.17761,-0.16582
-0.62685,-0.56789,-0.32088,0.61633,-0.376,-0.42238,0.24664,-0.17761,-0.16582
-0.62685,1.0023,-0.65639,0.61633,-0.376,-0.42238,0.24664,-0.17761,-0.16582
-0.62685,0.30267,-0.72581,0.61633,-0.376,-0.42238,0.24664,-0.17761,-0.16582
-0.081685,-0.2688,-0.30931,-1.6213,-0.376,2.3657,0.24664,-0.17761,-0.16582
-0.57699,-0.55721,-0.42501,0.61633,-0.376,-0.42238,0.24664,-0.17761,-0.16582
-0.57699,0.18517,0.037766,0.61633,-0.376,-0.42238,0.24664,-0.17761,-0.16582
-0.57699,0.80471,-0.85885,0.61633,-0.376,-0.42238,0.24664,-0.17761,-0.16582
-0.031823,0.70858,0.50054,-1.6213,-0.376,2.3657,0.24664,-0.17761,-0.16582
0.16763,0.29733,0.50054,0.61633,-0.376,-0.42238,0.24664,-0.17761,-0.16582
-0.031823,-0.84027,-0.7663,-1.6213,-0.376,2.3657,0.24664,-0.17761,-0.16582
-0.52713,0.30267,0.50632,0.61633,-0.376,-0.42238,0.24664,-0.17761,-0.16582
-0.52713,-0.8563,0.63358,0.61633,-0.376,-0.42238,0.24664,-0.17761,-0.16582
-0.52713,3.6995,0.13611,0.61633,-0.376,-0.42238,0.24664,-0.17761,-0.16582
0.21749,1.1145,-0.4655,0.61633,-0.376,-0.42238,0.24664,-0.17761,-0.16582
0.01804,-0.413,-0.74316,-1.6213,-0.376,2.3657,0.24664,-0.17761,-0.16582
0.01804,-0.50914,0.17081,-1.6213,-0.376,2.3657,0.24664,-0.17761,-0.16582
-0.47726,-0.72278,-0.60433,0.61633,-0.376,-0.42238,0.24664,-0.17761,-0.16582
-0.47726,0.17983,-0.50599,0.61633,-0.376,-0.42238,0.24664,-0.17761,-0.16582
-0.47726,-1.4011,-0.77208,0.61633,-0.376,-0.42238,0.24664,-0.17761,-0.16582
0.067903,-0.52516,-0.62747,-1.6213,-0.376,2.3657,0.24664,-0.17761,-0.16582
-0.4274,-1.0432,-0.02008,0.61633,-0.376,-0.42238,0.24664,-0.17761,-0.16582
0.11777,-0.40766,0.15346,-1.6213,-0.376,2.3657,0.24664,-0.17761,-0.16582
-0.37754,-0.34891,-0.014296,0.61633,-0.376,-0.42238,0.24664,-0.17761,-0.16582
-0.37754,1.3121,1.5996,0.61633,-0.376,-0.42238,0.24664,-0.17761,-0.16582
-0.37754,-0.33289,-0.60433,0.61633,-0.376,-0.42238,0.24664,-0.17761,-0.16582
-0.37754,0.75665,0.99802,0.61633,-0.376,-0.42238,0.24664,-0.17761,-0.16582
-0.37754,0.76199,1.0038,0.61633,-0.376,-0.42238,0.24664,-0.17761,-0.16582
0.36708,3.7742,4.2663,0.61633,-0.376,-0.42238,0.24664,-0.17761,-0.16582
-0.32767,-0.34891,-0.32088,0.61633,-0.376,-0.42238,0.24664,-0.17761,-0.16582
-0.32767,-0.2421,-0.94562,0.61633,-0.376,-0.42238,0.24664,-0.17761,-0.16582
0.21749,-0.30619,-0.45971,-1.6213,-0.376,2.3657,0.24664,-0.17761,-0.16582
-0.27781,0.82074,1.1542,0.61633,-0.376,-0.42238,0.24664,-0.17761,-0.16582
-0.27781,-0.087211,1.1195,0.61633,-0.376,-0.42238,0.24664,-0.17761,-0.16582
-0.27781,-0.087211,1.1195,0.61633,-0.376,-0.42238,0.24664,-0.17761,-0.16582
-0.27781,-0.087211,1.1195,0.61633,-0.376,-0.42238,0.24664,-0.17761,-0.16582
-0.27781,-0.087211,1.1195,0.61633,-0.376,-0.42238,0.24664,-0.17761,-0.16582
-0.27781,-0.087211,1.1195,0.61633,-0.376,-0.42238,0.24664,-0.17761,-0.16582
-0.27781,0.27597,1.1368,0.61633,-0.376,-0.42238,0.24664,-0.17761,-0.16582
0.4668,-0.21539,-0.054788,0.61633,-0.376,-0.42238,0.24664,-0.17761,-0.16582
0.26735,-0.81891,-0.48864,-1.6213,-0.376,2.3657,0.24664,-0.17761,-0.16582
-0.22795,0.82074,-0.85885,0.61633,-0.376,-0.42238,0.24664,-0.17761,-0.16582
-0.22795,-1.15,-1.0671,0.61633,-0.376,-0.42238,0.24664,-0.17761,-0.16582
0.31722,-0.81891,1.1021,-1.6213,-0.376,2.3657,0.24664,-0.17761,-0.16582
-0.17809,-0.087211,-0.037434,0.61633,-0.376,-0.42238,0.24664,-0.17761,-0.16582
-0.17809,-0.39164,-0.72002,0.61633,-0.376,-0.42238,0.24664,-0.17761,-0.16582
-0.17809,1.0557,-0.59276,0.61633,-0.376,-0.42238,0.24664,-0.17761,-0.16582
-0.17809,-0.29016,-0.62747,-1.6213,2.6575,-0.42238,0.24664,-0.17761,-0.16582
-0.17809,-0.2421,-0.71424,0.61633,-0.376,-0.42238,0.24664,-0.17761,-0.16582
0.36708,-0.47709,0.50632,-1.6213,-0.376,2.3657,0.24664,-0.17761,-0.16582
0.36708,-0.40766,-0.054788,-1.6213,-0.376,2.3657,0.24664,-0.17761,-0.16582
-0.12822,-0.31153,-1.1597,0.61633,-0.376,-0.42238,0.24664,-0.17761,-0.16582
-0.12822,0.75665,-0.3151,-1.6213,2.6575,-0.42238,0.24664,-0.17761,-0.16582
-0.12822,0.27597,0.50632,0.61633,-0.376,-0.42238,0.24664,-0.17761,-0.16582
0.61639,-0.61062,-0.89356,0.61633,-0.376,-0.42238,0.24664,-0.17761,-0.16582
0.41694,-0.42903,-0.30931,-1.6213,-0.376,2.3657,0.24664,-0.17761,-0.16582
0.41694,-0.59994,-0.47128,-1.6213,-0.376,2.3657,0.24664,-0.17761,-0.16582
-0.078361,-0.46107,-0.32088,0.61633,-0.376,-0.42238,0.24664,-0.17761,-0.16582
-0.078361,-0.31153,-0.72581,0.61633,-0.376,-0.42238,0.24664,-0.17761,-0.16582
-0.078361,-1.15,-0.78944,0.61633,-0.376,-0.42238,0.24664,-0.17761,-0.16582
0.4668,-0.40766,-0.7663,-1.6213,-0.376,2.3657,0.24664,-0.17761,-0.16582
-0.028498,-1.0539,0.52368,-1.6213,2.6575,-0.42238,0.24664,-0.17761,-0.16582
-0.028498,-0.63732,0.51789,-1.6213,2.6575,-0.42238,0.24664,-0.17761,-0.16582
-0.028498,-1.337,0.61623,0.61633,-0.376,-0.42238,0.24664,-0.17761,-0.16582
0.71612,-0.61062,-0.4655,0.61633,-0.376,-0.42238,0.24664,-0.17761,-0.16582
0.51667,-0.81891,0.17081,-1.6213,-0.376,2.3657,0.24664,-0.17761,-0.16582
0.021364,0.67119,-1.3448,0.61633,-0.376,-0.42238,0.24664,-0.17761,-0.16582
0.021364,0.089038,0.54681,0.61633,-0.376,-0.42238,0.24664,-0.17761,-0.16582
0.021364,0.37744,0.17081,0.61633,-0.376,-0.42238,0.24664,-0.17761,-0.16582
0.021364,-1.15,-0.67953,0.61633,-0.376,-0.42238,0.24664,-0.17761,-0.16582
0.021364,0.3187,0.63358,0.61633,-0.376,-0.42238,0.24664,-0.17761,-0.16582
0.021364,-0.076529,-0.89356,0.61633,-0.376,-0.42238,0.24664,-0.17761,-0.16582
0.021364,-0.86164,-0.11842,0.61633,-0.376,-0.42238,0.24664,-0.17761,-0.16582
0.021364,2.2574,0.13611,0.61633,-0.376,-0.42238,0.24664,-0.17761,-0.16582
0.071227,-0.49846,-0.50599,0.61633,-0.376,-0.42238,0.24664,-0.17761,-0.16582
0.071227,0.21188,-0.64482,0.61633,-0.376,-0.42238,0.24664,-0.17761,-0.16582
0.81584,-0.82425,-0.71424,0.61633,-0.376,-0.42238,0.24664,-0.17761,-0.16582
0.66625,-1.0699,-0.65061,-1.6213,-0.376,2.3657,0.24664,-0.17761,-0.16582
0.86571,3.7742,4.2663,0.61633,-0.376,-0.42238,0.24664,-0.17761,-0.16582
0.12109,1.1946,-0.62747,-1.6213,2.6575,-0.42238,0.24664,-0.17761,-0.16582
0.71612,-0.47709,-0.45971,-1.6213,-0.376,2.3657,0.24664,-0.17761,-0.16582
0.91557,-0.19403,-0.03165,0.61633,-0.376,-0.42238,0.24664,-0.17761,-0.16582
0.17095,0.37744,0.049335,0.61633,-0.376,-0.42238,0.24664,-0.17761,-0.16582
0.96543,-0.21539,-0.054788,0.61633,-0.376,-0.42238,0.24664,-0.17761,-0.16582
0.76598,-0.81891,-0.48864,-1.6213,-0.376,2.3657,0.24664,-0.17761,-0.16582
0.17095,-0.81891,0.73771,0.61633,-0.376,-0.42238,0.24664,-0.17761,-0.16582
0.17095,0.030288,0.049335,0.61633,-0.376,-0.42238,0.24664,-0.17761,-0.16582
0.17095,0.067674,-0.060573,0.61633,-0.376,-0.42238,0.24664,-0.17761,-0.16582
1.0153,-0.22607,-0.066357,0.61633,-0.376,-0.42238,0.24664,-0.17761,-0.16582
0.22746,-0.63732,-0.74895,0.61633,-0.376,-0.42238,-4.0514,5.6259,-0.16582
0.81584,0.014265,-0.47128,-1.6213,-0.376,2.3657,0.24664,-0.17761,-0.16582
0.86571,-0.47709,0.50632,-1.6213,-0.376,2.3657,-4.0514,5.6259,-0.16582
0.27733,0.82074,0.043551,0.61633,-0.376,-0.42238,0.24664,-0.17761,-0.16582
0.27733,-0.39164,-0.24568,0.61633,-0.376,-0.42238,0.24664,-0.17761,-0.16582
0.27733,0.37744,-0.18205,0.61633,-0.376,-0.42238,0.24664,-0.17761,-0.16582
1.2147,0.43619,0.65094,0.61633,-0.376,-0.42238,0.24664,-0.17761,-0.16582
1.2147,-0.61062,-0.4655,0.61633,-0.376,-0.42238,0.24664,-0.17761,-0.16582
0.91557,-0.45039,-0.30931,-1.6213,-0.376,2.3657,0.24664,-0.17761,-0.16582
0.32719,-0.36494,-0.21676,0.61633,-0.376,-0.42238,0.24664,-0.17761,-0.16582
0.32719,0.87949,0.63358,-1.6213,2.6575,-0.42238,0.24664,-0.17761,-0.16582
0.32719,0.27597,-0.59854,0.61633,-0.376,-0.42238,0.24664,-0.17761,-0.16582
0.32719,0.38813,-0.32667,0.61633,-0.376,-0.42238,0.24664,-0.17761,-0.16582
0.32719,1.0771,-0.008511,0.61633,-0.376,-0.42238,0.24664,-0.17761,-0.16582
0.32719,0.32404,-0.64482,0.61633,-0.376,-0.42238,0.24664,-0.17761,-0.16582
0.32719,-0.25278,-0.095281,0.61633,-0.376,-0.42238,0.24664,-0.17761,-0.16582
0.32719,0.21188,-0.47707,0.61633,-0.376,-0.42238,0.24664,-0.17761,-0.16582
0.96543,-1.0699,-0.58698,-1.6213,-0.376,2.3657,0.24664,-0.17761,-0.16582
0.96543,-0.47175,-0.7663,-1.6213,-0.376,2.3657,0.24664,-0.17761,-0.16582
0.37705,-0.71209,-0.59854,0.61633,-0.376,-0.42238,0.24664,-0.17761,-0.16582
0.37705,0.32404,-0.61011,0.61633,-0.376,-0.42238,0.24664,-0.17761,-0.16582
1.0153,-0.62664,0.17081,-1.6213,-0.376,2.3657,0.24664,-0.17761,-0.16582
0.42691,-0.94709,-0.84728,0.61633,-0.376,-0.42238,0.24664,-0.17761,-0.16582
0.42691,1.0451,-0.083711,0.61633,-0.376,-0.42238,0.24664,-0.17761,-0.16582
0.42691,-0.78152,-0.66796,0.61633,-0.376,-0.42238,0.24664,-0.17761,-0.16582
1.115,-0.47175,0.15346,-1.6213,-0.376,2.3657,0.24664,-0.17761,-0.16582
0.45351,-1.0539,-0.96298,-1.6213,2.6575,-0.42238,0.24664,-0.17761,-0.16582
0.45351,-0.46107,-0.32088,0.61633,-0.376,-0.42238,0.24664,-0.17761,-0.16582
0.45351,0.44154,0.65672,0.61633,-0.376,-0.42238,0.24664,-0.17761,-0.16582
0.45351,3.9986,4.5093,0.61633,-0.376,-0.42238,0.24664,-0.17761,-0.16582
0.47678,0.38813,-0.72581,0.61633,-0.376,-0.42238,0.24664,-0.17761,-0.16582
0.47678,1.0451,-0.78944,0.61633,-0.376,-0.42238,0.24664,-0.17761,-0.16582
0.47678,1.2106,1.4897,-1.6213,2.6575,-0.42238,0.24664,-0.17761,-0.16582
0.52664,3.2402,3.6879,0.61633,-0.376,-0.42238,0.24664,-0.17761,-0.16582
0.52664,0.099719,0.55838,-1.6213,2.6575,-0.42238,0.24664,-0.17761,-0.16582
0.52664,0.024947,-0.0027264,0.61633,-0.376,-0.42238,0.24664,-0.17761,-0.16582
0.52664,1.2106,-0.14734,-1.6213,2.6575,-0.42238,0.24664,-0.17761,-0.16582
0.52664,-0.81357,-0.1647,0.61633,-0.376,-0.42238,0.24664,-0.17761,-0.16582
1.8131,-0.82425,-0.71424,0.61633,-0.376,-0.42238,0.24664,-0.17761,-0.16582
1.2646,-0.61596,-0.48864,-1.6213,-0.376,2.3657,0.24664,-0.17761,-0.16582
0.5765,0.32404,0.34435,0.61633,-0.376,-0.42238,0.24664,-0.17761,-0.16582
0.5765,-0.96311,-0.8415,0.61633,-0.376,-0.42238,0.24664,-0.17761,-0.16582
0.5765,-0.883,-0.77787,0.61633,-0.376,-0.42238,0.24664,-0.17761,-0.16582
0.5765,-0.11392,0.15924,0.61633,-0.376,-0.42238,0.24664,-0.17761,-0.16582
0.5765,-0.81357,-0.85885,0.61633,-0.376,-0.42238,0.24664,-0.17761,-0.16582
0.5765,0.10506,0.037766,0.61633,-0.376,-0.42238,0.24664,-0.17761,-0.16582
1.3145,0.85278,1.1021,-1.6213,-0.376,2.3657,0.24664,-0.17761,-0.16582
0.62969,-0.96311,-0.67953,0.61633,-0.376,-0.42238,0.24664,-0.17761,-0.16582
0.62969,-0.35425,-0.20519,-1.6213,2.6575,-0.42238,0.24664,-0.17761,-0.16582
0.62969,-0.29551,-0.14156,0.61633,-0.376,-0.42238,0.24664,-0.17761,-0.16582
0.62969,-0.50914,-0.37294,0.61633,-0.376,-0.42238,0.24664,-0.17761,-0.16582
0.62969,-0.80823,-0.69688,0.61633,-0.376,-0.42238,0.24664,-0.17761,-0.16582
0.67955,0.77801,-0.85885,-1.6213,2.6575,-0.42238,0.24664,-0.17761,-0.16582
0.67955,0.82074,0.10718,0.61633,-0.376,-0.42238,0.24664,-0.17761,-0.16582
0.67955,-1.5827,-1.5357,0.61633,-0.376,-0.42238,-4.0514,5.6259,-0.16582
0.67955,-0.46107,-0.32088,0.61633,-0.376,-0.42238,0.24664,-0.17761,-0.16582
0.67955,0.014265,0.19395,0.61633,-0.376,-0.42238,0.24664,-0.17761,-0.16582
0.67955,3.9665,4.4746,0.61633,-0.376,-0.42238,0.24664,-0.17761,-0.16582
0.67955,0.85812,1.0038,0.61633,-0.376,-0.42238,0.24664,-0.17761,-0.16582
0.67955,1.3388,1.6285,-1.6213,2.6575,-0.42238,0.24664,-0.17761,-0.16582
0.67955,-1.1233,-0.19362,0.61633,-0.376,-0.42238,0.24664,-0.17761,-0.16582
0.67955,-1.1233,-0.19362,0.61633,-0.376,-0.42238,0.24664,-0.17761,-0.16582
0.67955,-0.43971,-0.29774,0.61633,-0.376,-0.42238,0.24664,-0.17761,-0.16582
0.67955,-0.43971,-0.29774,0.61633,-0.376,-0.42238,0.24664,-0.17761,-0.16582
1.4142,-0.45039,-0.30931,-1.6213,-0.376,2.3657,0.24664,-0.17761,-0.16582
0.74604,0.77801,-0.54648,-1.6213,2.6575,-0.42238,0.24664,-0.17761,-0.16582
0.74604,0.85812,-0.47707,0.61633,-0.376,-0.42238,0.24664,-0.17761,-0.16582
0.74604,-1.1233,-0.94562,0.61633,-0.376,-0.42238,0.24664,-0.17761,-0.16582
0.74604,0.12642,0.52368,0.61633,-0.376,-0.42238,0.24664,-0.17761,-0.16582
1.5139,-0.007098,0.17081,-1.6213,-0.376,2.3657,0.24664,-0.17761,-0.16582
0.78925,1.5685,1.2468,-1.6213,2.6575,-0.42238,0.24664,-0.17761,-0.16582
0.78925,-0.071188,0.1014,0.61633,-0.376,-0.42238,0.24664,-0.17761,-0.16582
0.78925,-0.7388,-0.62168,0.61633,-0.376,-0.42238,0.24664,-0.17761,-0.16582
0.78925,1.2106,1.7269,-1.6213,2.6575,-0.42238,0.24664,-0.17761,-0.16582
0.78925,1.5418,1.8484,-1.6213,2.6575,-0.42238,0.24664,-0.17761,-0.16582
1.5638,-0.74414,-0.62747,-1.6213,-0.376,2.3657,0.24664,-0.17761,-0.16582
0.83579,1.7287,0.1766,-1.6213,2.6575,-0.42238,0.24664,-0.17761,-0.16582
0.83579,-0.21539,-0.054788,0.61633,-0.376,-0.42238,0.24664,-0.17761,-0.16582
0.83579,0.078356,0.62202,0.61633,-0.376,-0.42238,0.24664,-0.17761,-0.16582
0.83579,1.2053,0.35592,0.61633,-0.376,-0.42238,0.24664,-0.17761,-0.16582
0.83579,-1.1233,0.10718,0.61633,-0.376,-0.42238,0.24664,-0.17761,-0.16582
0.83579,0.9329,1.1889,-1.6213,2.6575,-0.42238,0.24664,-0.17761,-0.16582
0.83579,-0.033802,0.14189,0.61633,-0.376,-0.42238,0.24664,-0.17761,-0.16582
0.83579,-0.049825,0.12454,0.61633,-0.376,-0.42238,0.24664,-0.17761,-0.16582
0.83579,0.10506,0.29229,0.61633,-0.376,-0.42238,0.24664,-0.17761,-0.16582
0.879,0.0089246,0.52368,-1.6213,2.6575,-0.42238,0.24664,-0.17761,-0.16582
0.879,1.1732,1.4492,0.61633,-0.376,-0.42238,0.24664,-0.17761,-0.16582
0.879,0.9329,0.51789,-1.6213,2.6575,-0.42238,0.24664,-0.17761,-0.16582
0.879,0.10506,0.61623,0.61633,-0.376,-0.42238,0.24664,-0.17761,-0.16582
1.6635,-0.7655,-0.65061,-1.6213,-0.376,2.3657,0.24664,-0.17761,-0.16582
0.92222,0.63915,-0.18783,0.61633,-0.376,-0.42238,0.24664,-0.17761,-0.16582
1.7134,-0.58925,-0.45971,-1.6213,-0.376,2.3657,0.24664,-0.17761,-0.16582
0.92222,-1.5827,-0.72581,0.61633,-0.376,-0.42238,-4.0514,5.6259,-0.16582
0.92222,0.0089246,0.0088429,-1.6213,2.6575,-0.42238,0.24664,-0.17761,-0.16582
0.92222,-0.48244,0.078259,0.61633,-0.376,-0.42238,0.24664,-0.17761,-0.16582
0.92222,-0.20471,-0.043219,0.61633,-0.376,-0.42238,0.24664,-0.17761,-0.16582
0.96543,1.6005,-0.0027264,0.61633,-0.376,-0.42238,0.24664,-0.17761,-0.16582
1.0153,-0.94709,-0.84728,0.61633,-0.376,-0.42238,0.24664,-0.17761,-0.16582
1.0153,-0.41835,-0.2746,0.61633,-0.376,-0.42238,0.24664,-0.17761,-0.16582
1.0153,-1.0806,-0.9919,0.61633,-0.376,-0.42238,0.24664,-0.17761,-0.16582
1.0153,-0.69073,-0.56962,0.61633,-0.376,-0.42238,0.24664,-0.17761,-0.16582
1.0153,-0.2421,-0.083711,0.61633,-0.376,-0.42238,0.24664,-0.17761,-0.16582
1.0618,0.19051,-0.65061,0.61633,-0.376,-0.42238,0.24664,-0.17761,-0.16582
1.0618,-0.413,-0.26882,0.61633,-0.376,-0.42238,0.24664,-0.17761,-0.16582
1.0618,-1.5987,-1.553,0.61633,-0.376,-0.42238,0.24664,-0.17761,-0.16582
1.0618,3.865,4.3647,-1.6213,2.6575,-0.42238,0.24664,-0.17761,-0.16582
2.0125,-0.007098,0.17081,-1.6213,-0.376,2.3657,0.24664,-0.17761,-0.16582
1.115,3.865,4.3647,-1.6213,2.6575,-0.42238,0.24664,-0.17761,-0.16582
1.1649,0.014265,-0.61011,0.61633,-0.376,-0.42238,0.24664,-0.17761,-0.16582
1.1649,-0.79221,-0.67953,0.61633,-0.376,-0.42238,0.24664,-0.17761,-0.16582
1.1649,-1.5987,-1.553,0.61633,-0.376,-0.42238,0.24664,-0.17761,-0.16582
1.2147,-0.25812,0.50632,-1.6213,2.6575,-0.42238,0.24664,-0.17761,-0.16582
1.2147,-0.028462,0.14767,-1.6213,2.6575,-0.42238,0.24664,-0.17761,-0.16582
1.2147,0.035629,-0.36137,0.61633,-0.376,-0.42238,0.24664,-0.17761,-0.16582
1.2646,-1.0432,-0.95141,0.61633,-0.376,-0.42238,0.24664,-0.17761,-0.16582
1.2646,-0.25812,0.037766,-1.6213,2.6575,-0.42238,0.24664,-0.17761,-0.16582
1.2646,0.019606,-0.62747,0.61633,-0.376,-0.42238,0.24664,-0.17761,-0.16582
1.3145,0.19586,-0.066357,0.61633,-0.376,-0.42238,0.24664,-0.17761,-0.16582
1.3145,0.26529,0.46583,-1.6213,2.6575,-0.42238,0.24664,-0.17761,-0.16582
1.3145,-0.65868,-0.53491,0.61633,-0.376,-0.42238,0.24664,-0.17761,-0.16582
1.3145,-0.94709,-0.84728,0.61633,-0.376,-0.42238,0.24664,-0.17761,-0.16582
1.3145,-0.72278,-0.60433,0.61633,-0.376,-0.42238,-4.0514,5.6259,-0.16582
1.3145,1.5418,1.8484,-1.6213,2.6575,-0.42238,0.24664,-0.17761,-0.16582
1.3643,-0.57323,-0.44236,0.61633,-0.376,-0.42238,0.24664,-0.17761,-0.16582
1.3643,-0.0017571,0.1766,-1.6213,2.6575,-0.42238,0.24664,-0.17761,-0.16582
1.3643,0.19586,0.39063,0.61633,-0.376,-0.42238,0.24664,-0.17761,-0.16582
1.3643,-0.10323,0.61623,0.61633,-0.376,-0.42238,0.24664,-0.17761,-0.16582
1.3643,-0.57323,-0.44236,0.61633,-0.376,-0.42238,0.24664,-0.17761,-0.16582
1.3643,-1.1233,0.10718,0.61633,-0.376,-0.42238,0.24664,-0.17761,-0.16582
1.3643,0.035629,0.21709,0.61633,-0.376,-0.42238,0.24664,-0.17761,-0.16582
1.4142,0.014265,0.19395,0.61633,-0.376,-0.42238,0.24664,-0.17761,-0.16582
1.4142,-0.94709,1.0964,0.61633,-0.376,-0.42238,0.24664,-0.17761,-0.16582
1.4142,-0.5305,-0.39608,0.61633,-0.376,-0.42238,0.24664,-0.17761,-0.16582
1.4142,1.8569,0.13032,-1.6213,2.6575,-0.42238,0.24664,-0.17761,-0.16582
1.4142,0.31335,0.51789,0.61633,-0.376,-0.42238,0.24664,-0.17761,-0.16582
1.4142,-0.023121,0.15346,0.61633,-0.376,-0.42238,0.24664,-0.17761,-0.16582
1.4641,-0.72812,-0.61011,0.61633,-0.376,-0.42238,0.24664,-0.17761,-0.16582
1.4641,0.0089246,0.0088429,-1.6213,2.6575,-0.42238,0.24664,-0.17761,-0.16582
1.5139,-0.94709,-0.84728,0.61633,-0.376,-0.42238,0.24664,-0.17761,-0.16582
1.5139,0.83142,1.079,0.61633,-0.376,-0.42238,0.24664,-0.17761,-0.16582
1.5638,-0.58391,-0.45393,0.61633,-0.376,-0.42238,0.24664,-0.17761,-0.16582
1.5638,-0.81891,-0.4655,0.61633,-0.376,-0.42238,0.24664,-0.17761,-0.16582
1.5638,-0.10323,-1.1192,0.61633,-0.376,-0.42238,0.24664,-0.17761,-0.16582
1.5638,-0.7655,-0.65061,0.61633,-0.376,-0.42238,0.24664,-0.17761,-0.16582
1.5638,-0.99516,-0.89935,0.61633,-0.376,-0.42238,0.24664,-0.17761,-0.16582
1.5638,-0.77618,-0.66218,-1.6213,2.6575,-0.42238,0.24664,-0.17761,-0.16582
1.6136,0.60176,0.83026,0.61633,-0.376,-0.42238,0.24664,-0.17761,-0.16582
1.6136,-0.22607,-0.066357,0.61633,-0.376,-0.42238,0.24664,-0.17761,-0.16582
1.6136,-0.40766,-0.26304,0.61633,-0.376,-0.42238,0.24664,-0.17761,-0.16582
1.6635,-0.50914,-0.37294,0.61633,-0.376,-0.42238,0.24664,-0.17761,-0.16582
1.6635,-0.883,-0.78365,0.61633,-0.376,-0.42238,0.24664,-0.17761,-0.16582
1.6635,-0.78152,-0.66796,0.61633,-0.376,-0.42238,0.24664,-0.17761,-0.16582
1.7134,-0.83493,-0.72581,-1.6213,2.6575,-0.42238,0.24664,-0.17761,-0.16582
1.7134,-0.78152,-0.66796,0.61633,-0.376,-0.42238,0.24664,-0.17761,-0.16582
1.7134,-0.59459,-0.4655,0.61633,-0.376,-0.42238,0.24664,-0.17761,-0.16582
1.8131,-0.22607,-0.066357,0.61633,-0.376,-0.42238,0.24664,-0.17761,-0.16582
1.8131,-0.43437,-0.29196,0.61633,-0.376,-0.42238,0.24664,-0.17761,-0.16582
1.8131,0.0089246,1.2468,-1.6213,2.6575,-0.42238,0.24664,-0.17761,-0.16582
1.8131,0.26529,0.46583,-1.6213,2.6575,-0.42238,0.24664,-0.17761,-0.16582
1.8131,-0.72278,-0.60433,0.61633,-0.376,-0.42238,0.24664,-0.17761,-0.16582
1.8131,1.4296,1.7269,-1.6213,2.6575,-0.42238,0.24664,-0.17761,-0.16582
1.8131,1.5418,1.8484,-1.6213,2.6575,-0.42238,0.24664,-0.17761,-0.16582
1.9128,-0.21005,-0.049004,0.61633,-0.376,-0.42238,-4.0514,5.6259,-0.16582
1.9128,-0.5305,-0.39608,0.61633,-0.376,-0.42238,0.24664,-0.17761,-0.16582
1.9128,0.099719,-0.48285,0.61633,-0.376,-0.42238,0.24664,-0.17761,-0.16582
2.0125,-0.94709,-0.84728,0.61633,-0.376,-0.42238,0.24664,-0.17761,-0.16582
2.0125,-0.2421,-0.083711,0.61633,-0.376,-0.42238,0.24664,-0.17761,-0.16582
-1.6773,0.030288,-0.26882,0.61633,-0.376,-0.42238,0.24664,-0.17761,-0.16582
-1.7737,0.13711,0.327,0.61633,-0.376,-0.42238,0.24664,-0.17761,-0.16582
-1.5776,-0.52516,-0.3903,-1.6213,-0.376,2.3657,0.24664,-0.17761,-0.16582
-1.5776,-0.97914,-0.32667,-1.6213,-0.376,2.3657,0.24664,-0.17761,-0.16582
-1.674,0.62847,0.85919,0.61633,-0.376,-0.42238,0.24664,-0.17761,-0.16582
-1.674,-0.039143,-0.025865,-1.6213,2.6575,-0.42238,0.24664,-0.17761,-0.16582
-1.3781,-0.62664,-0.50021,-1.6213,-0.376,2.3657,0.24664,-0.17761,-0.16582
-1.2784,-0.46107,-0.037434,0.61633,-0.376,-0.42238,0.24664,-0.17761,-0.16582
-1.1787,0.030288,-0.26882,0.61633,-0.376,-0.42238,0.24664,-0.17761,-0.16582
-1.5742,-1.2355,-0.4655,-1.6213,2.6575,-0.42238,0.24664,-0.17761,-0.16582
-1.5742,0.13711,-0.45971,0.61633,-0.376,-0.42238,0.24664,-0.17761,-0.16582
-1.5742,-0.12994,0.47161,0.61633,-0.376,-0.42238,0.24664,-0.17761,-0.16582
-1.5742,-0.10323,0.066689,-1.6213,2.6575,-0.42238,0.24664,-0.17761,-0.16582
-1.0789,-0.52516,-0.3903,-1.6213,-0.376,2.3657,0.24664,-0.17761,-0.16582
-1.0789,-0.97914,-0.32667,-1.6213,-0.376,2.3657,0.24664,-0.17761,-0.16582
-1.0291,-0.39698,-0.72581,-1.6213,-0.376,2.3657,0.24664,-0.17761,-0.16582
-1.5144,-0.12994,0.037766,0.61633,-0.376,-0.42238,0.24664,-0.17761,-0.16582
-1.5144,-0.86164,-0.62168,0.61633,-0.376,-0.42238,0.24664,-0.17761,-0.16582
-1.5144,-0.10323,-0.65061,-1.6213,2.6575,-0.42238,0.24664,-0.17761,-0.16582
-1.4645,-0.96311,-0.29774,0.61633,-0.376,-0.42238,0.24664,-0.17761,-0.16582
-1.4645,0.18517,-0.41344,0.61633,-0.376,-0.42238,-4.0514,5.6259,-0.16582
-1.4645,0.18517,-0.41344,0.61633,-0.376,-0.42238,-4.0514,5.6259,-0.16582
-1.4645,-0.96311,-0.29774,0.61633,-0.376,-0.42238,0.24664,-0.17761,-0.16582
-1.4645,1.1946,-0.41922,0.61633,-0.376,-0.42238,0.24664,-0.17761,-0.16582
-1.4645,-0.29016,-0.43079,0.61633,-0.376,-0.42238,0.24664,-0.17761,-0.16582
-1.4645,-0.29016,-0.43079,0.61633,-0.376,-0.42238,0.24664,-0.17761,-0.16582
-0.92935,-0.97914,-0.014296,-1.6213,-0.376,2.3657,0.24664,-0.17761,-0.16582
-0.77976,-0.46107,-0.037434,0.61633,-0.376,-0.42238,0.24664,-0.17761,-0.16582
-0.77976,-1.0539,-0.96298,0.61633,-0.376,-0.42238,0.24664,-0.17761,-0.16582
-1.4147,-0.21005,-0.39608,0.61633,-0.376,-0.42238,0.24664,-0.17761,-0.16582
-1.4147,-0.27414,-0.73159,0.61633,-0.376,-0.42238,0.24664,-0.17761,-0.16582
-1.4147,-0.69073,-0.70845,0.61633,-0.376,-0.42238,-4.0514,5.6259,-0.16582
-1.4147,-0.69073,-0.70845,0.61633,-0.376,-0.42238,0.24664,-0.17761,-0.16582
-1.4147,-0.87766,-0.44814,0.61633,-0.376,-0.42238,0.24664,-0.17761,-0.16582
-1.4147,-0.2688,-0.40187,0.61633,-0.376,-0.42238,0.24664,-0.17761,-0.16582
-1.4147,-0.49846,-0.74316,-1.6213,2.6575,-0.42238,0.24664,-0.17761,-0.16582
-1.4147,0.14779,-0.44814,0.61633,-0.376,-0.42238,0.24664,-0.17761,-0.16582
-1.4147,0.3454,0.5526,0.61633,-0.376,-0.42238,0.24664,-0.17761,-0.16582
-0.87949,0.27597,0.4774,-1.6213,-0.376,2.3657,0.24664,-0.17761,-0.16582
-0.87949,0.13176,-0.72002,-1.6213,-0.376,2.3657,0.24664,-0.17761,-0.16582
-0.68004,0.030288,-0.26882,0.61633,-0.376,-0.42238,0.24664,-0.17761,-0.16582
-1.3548,-0.2688,-1.3795,0.61633,-0.376,-0.42238,0.24664,-0.17761,-0.16582
-0.82963,-0.97914,0.51789,-1.6213,-0.376,2.3657,0.24664,-0.17761,-0.16582
-1.305,-0.71209,-0.59276,0.61633,-0.376,-0.42238,0.24664,-0.17761,-0.16582
-1.2551,-0.23141,-1.9811,-1.6213,2.6575,-0.42238,0.24664,-0.17761,-0.16582
-1.2551,-0.23676,-0.83572,0.61633,-0.376,-0.42238,0.24664,-0.17761,-0.16582
-1.1554,1.5578,2.0219,0.61633,-0.376,-0.42238,0.24664,-0.17761,-0.16582
-0.63017,0.30267,0.50632,-1.6213,-0.376,2.3657,0.24664,-0.17761,-0.16582
-0.58031,-0.97914,-0.32667,-1.6213,-0.376,2.3657,0.24664,-0.17761,-0.16582
-1.1355,-1.0112,-0.077927,-1.6213,2.6575,-0.42238,0.24664,-0.17761,-0.16582
-1.1355,-0.076529,0.095613,0.61633,-0.376,-0.42238,0.24664,-0.17761,-0.16582
-1.1355,-0.65334,1.9178,0.61633,-0.376,-0.42238,0.24664,-0.17761,-0.16582
-0.331,-0.66403,-0.49442,0.61633,-0.376,-0.42238,0.24664,-0.17761,-0.16582
-1.1155,-0.89368,-0.78944,0.61633,-0.376,-0.42238,0.24664,-0.17761,-0.16582
-1.1155,2.204,3.7804,0.61633,-0.376,-0.42238,0.24664,-0.17761,-0.16582
-0.331,-0.89368,-0.083711,0.61633,-0.376,-0.42238,0.24664,-0.17761,-0.16582
-1.0656,2.5779,1.3393,0.61633,-0.376,-0.42238,0.24664,-0.17761,-0.16582
-0.28114,-0.66403,-0.32088,0.61633,-0.376,-0.42238,0.24664,-0.17761,-0.16582
-0.28114,-1.0539,1.079,0.61633,-0.376,-0.42238,0.24664,-0.17761,-0.16582
-1.0125,-1.0539,-0.96298,0.61633,-0.376,-0.42238,0.24664,-0.17761,-0.16582
-0.43072,0.42017,0.63358,-1.6213,-0.376,2.3657,0.24664,-0.17761,-0.16582
-0.23127,-0.46107,-0.037434,0.61633,-0.376,-0.42238,0.24664,-0.17761,-0.16582
-0.43072,-0.97914,-0.014296,-1.6213,-0.376,2.3657,0.24664,-0.17761,-0.16582
-0.97589,-0.60528,-0.62168,0.61633,-0.376,-0.42238,0.24664,-0.17761,-0.16582
-0.97589,-1.0112,-0.48864,0.61633,-0.376,-0.42238,0.24664,-0.17761,-0.16582
-0.97589,0.19051,-0.65061,-1.6213,2.6575,-0.42238,0.24664,-0.17761,-0.16582
-0.18141,-0.66403,-0.26882,0.61633,-0.376,-0.42238,0.24664,-0.17761,-0.16582
-0.92603,0.030288,-0.44236,0.61633,-0.376,-0.42238,0.24664,-0.17761,-0.16582
-0.92603,-0.49846,0.0030583,0.61633,-0.376,-0.42238,0.24664,-0.17761,-0.16582
-0.13155,-1.0539,0.11297,0.61633,-0.376,-0.42238,0.24664,-0.17761,-0.16582
-0.331,3.7475,4.2374,-1.6213,-0.376,2.3657,0.24664,-0.17761,-0.16582
-0.87616,-0.56789,-0.43657,0.61633,-0.376,-0.42238,0.24664,-0.17761,-0.16582
-0.87616,-0.076529,0.095613,0.61633,-0.376,-0.42238,0.24664,-0.17761,-0.16582
-0.87616,-1.0539,-0.049004,0.61633,-0.376,-0.42238,0.24664,-0.17761,-0.16582
-0.87616,0.035629,0.21709,0.61633,-0.376,-0.42238,0.24664,-0.17761,-0.16582
-0.87616,1.1946,1.4724,-1.6213,2.6575,-0.42238,0.24664,-0.17761,-0.16582
-0.87616,-0.37562,0.52946,0.61633,-0.376,-0.42238,0.24664,-0.17761,-0.16582
-0.8263,0.97028,1.2294,0.61633,-0.376,-0.42238,0.24664,-0.17761,-0.16582
-0.8263,-0.23141,1.2178,-1.6213,2.6575,-0.42238,0.24664,-0.17761,-0.16582
-0.77644,-0.18335,-0.008511,0.61633,-0.376,-0.42238,0.24664,-0.17761,-0.16582
-0.77644,-0.56789,1.8079,0.61633,-0.376,-0.42238,0.24664,-0.17761,-0.16582
-0.77644,-1.0005,-0.50599,0.61633,-0.376,-0.42238,0.24664,-0.17761,-0.16582
-0.72658,-1.0112,0.69722,-1.6213,2.6575,-0.42238,0.24664,-0.17761,-0.16582
-0.13155,0.30267,0.50632,-1.6213,-0.376,2.3657,0.24664,-0.17761,-0.16582
-0.62685,-0.40766,-0.36716,0.61633,-0.376,-0.42238,0.24664,-0.17761,-0.16582
-0.62685,-0.52516,2.0219,0.61633,-0.376,-0.42238,0.24664,-0.17761,-0.16582
-0.62685,2.204,-0.5407,0.61633,-0.376,-0.42238,0.24664,-0.17761,-0.16582
-0.62685,-1.369,-0.49442,0.61633,-0.376,-0.42238,0.24664,-0.17761,-0.16582
0.16763,-0.89368,-0.083711,0.61633,-0.376,-0.42238,0.24664,-0.17761,-0.16582
0.21749,-0.45039,-0.30931,0.61633,-0.376,-0.42238,0.24664,-0.17761,-0.16582
0.21749,-1.0539,1.079,0.61633,-0.376,-0.42238,0.24664,-0.17761,-0.16582
0.067903,0.42017,0.63358,-1.6213,-0.376,2.3657,-4.0514,5.6259,-0.16582
0.26735,-1.0539,0.037766,0.61633,-0.376,-0.42238,0.24664,-0.17761,-0.16582
0.067903,-0.31153,-0.15891,-1.6213,-0.376,2.3657,0.24664,-0.17761,-0.16582
0.31722,-0.66403,-0.26882,0.61633,-0.376,-0.42238,0.24664,-0.17761,-0.16582
0.11777,0.27597,0.73192,-1.6213,-0.376,2.3657,0.24664,-0.17761,-0.16582
-0.47726,2.5779,-0.1994,0.61633,-0.376,-0.42238,0.24664,-0.17761,-0.16582
0.11777,-0.82959,-0.72002,-1.6213,-0.376,2.3657,0.24664,-0.17761,-0.16582
-0.4274,0.75665,-0.21097,0.61633,-0.376,-0.42238,0.24664,-0.17761,-0.16582
-0.4274,2.204,-0.63325,0.61633,-0.376,-0.42238,0.24664,-0.17761,-0.16582
0.16763,2.2574,0.51789,-1.6213,-0.376,2.3657,0.24664,-0.17761,-0.16582
-0.4274,-0.17801,-0.63904,-1.6213,2.6575,-0.42238,0.24664,-0.17761,-0.16582
0.36708,-1.0539,0.11297,0.61633,-0.376,-0.42238,0.24664,-0.17761,-0.16582
-0.4274,-1.0005,-0.63904,0.61633,-0.376,-0.42238,0.24664,-0.17761,-0.16582
0.16763,3.7475,4.2374,-1.6213,-0.376,2.3657,0.24664,-0.17761,-0.16582
-0.39748,-0.32221,-0.095281,0.61633,-0.376,-0.42238,0.24664,-0.17761,-0.16582
-0.39748,-1.0112,0.33278,-1.6213,2.6575,-0.42238,0.24664,-0.17761,-0.16582
-0.37754,10.039,0.0030583,-1.6213,2.6575,-0.42238,0.24664,-0.17761,-0.16582
-0.37754,-0.48778,-0.014296,0.61633,-0.376,-0.42238,0.24664,-0.17761,-0.16582
-0.37754,-0.51982,-0.29774,0.61633,-0.376,-0.42238,0.24664,-0.17761,-0.16582
-0.37754,0.024947,-0.43079,0.61633,-0.376,-0.42238,0.24664,-0.17761,-0.16582
0.4668,-0.63198,-0.59854,0.61633,-0.376,-0.42238,-4.0514,5.6259,-0.16582
0.26735,0.27597,0.4774,-1.6213,-0.376,2.3657,0.24664,-0.17761,-0.16582
0.4668,-0.70141,-0.58119,0.61633,-0.376,-0.42238,0.24664,-0.17761,-0.16582
-0.32767,-0.52516,1.2468,0.61633,-0.376,-0.42238,0.24664,-0.17761,-0.16582
-0.32767,-0.01778,-0.049004,0.61633,-0.376,-0.42238,0.24664,-0.17761,-0.16582
-0.32767,1.1946,1.0906,-1.6213,2.6575,-0.42238,0.24664,-0.17761,-0.16582
-0.32767,-0.45039,-0.30931,0.61633,-0.376,-0.42238,0.24664,-0.17761,-0.16582
-0.32767,0.15313,1.3162,0.61633,-0.376,-0.42238,0.24664,-0.17761,-0.16582
-0.32767,-0.37562,0.52946,0.61633,-0.376,-0.42238,0.24664,-0.17761,-0.16582
-0.32767,-0.90436,1.1079,0.61633,-0.376,-0.42238,0.24664,-0.17761,-0.16582
0.36708,0.30267,0.50632,-1.6213,-0.376,2.3657,0.24664,-0.17761,-0.16582
0.41694,-0.52516,-0.3903,-1.6213,-0.376,2.3657,0.24664,-0.17761,-0.16582
-0.22795,-0.48778,1.8079,0.61633,-0.376,-0.42238,0.24664,-0.17761,-0.16582
0.66625,0.35608,-0.49442,0.61633,-0.376,-0.42238,0.24664,-0.17761,-0.16582
0.4668,0.24392,-0.72581,-1.6213,-0.376,2.3657,0.24664,-0.17761,-0.16582
-0.17809,0.4629,0.18817,0.61633,-0.376,-0.42238,0.24664,-0.17761,-0.16582
-0.17809,2.5779,-0.4655,0.61633,-0.376,-0.42238,0.24664,-0.17761,-0.16582
-0.17809,-0.01778,-0.32088,0.61633,-0.376,-0.42238,0.24664,-0.17761,-0.16582
-0.17809,-0.14062,-0.02008,-1.6213,2.6575,-0.42238,0.24664,-0.17761,-0.16582
0.66625,-0.64266,-0.083711,0.61633,-0.376,-0.42238,0.24664,-0.17761,-0.16582
-0.12822,-0.47709,-0.33824,0.61633,-0.376,-0.42238,-4.0514,5.6259,-0.16582
-0.12822,0.38279,-0.65061,0.61633,-0.376,-0.42238,-4.0514,5.6259,-0.16582
0.71612,0.35608,-0.32088,0.61633,-0.376,-0.42238,0.24664,-0.17761,-0.16582
0.71612,0.83142,1.079,0.61633,-0.376,-0.42238,0.24664,-0.17761,-0.16582
0.51667,-0.58391,-0.45393,-1.6213,-0.376,2.3657,0.24664,-0.17761,-0.16582
0.56653,0.42017,0.63358,-1.6213,-0.376,2.3657,0.24664,-0.17761,-0.16582
0.76598,-0.21005,-0.049004,0.61633,-0.376,-0.42238,0.24664,-0.17761,-0.16582
0.56653,0.60176,-0.014296,-1.6213,-0.376,2.3657,0.24664,-0.17761,-0.16582
-0.078361,1.6646,-0.054788,0.61633,-0.376,-0.42238,0.24664,-0.17761,-0.16582
-0.078361,0.52699,0.74928,0.61633,-0.376,-0.42238,0.24664,-0.17761,-0.16582
0.56653,0.29733,0.50054,-1.6213,-0.376,2.3657,0.24664,-0.17761,-0.16582
-0.078361,-0.41835,-0.2746,0.61633,-0.376,-0.42238,0.24664,-0.17761,-0.16582
-0.078361,-0.78152,-0.66796,-1.6213,2.6575,-0.42238,0.24664,-0.17761,-0.16582
-0.028498,-0.29016,-0.13577,0.61633,-0.376,-0.42238,0.24664,-0.17761,-0.16582
0.81584,0.35608,-0.26882,0.61633,-0.376,-0.42238,0.24664,-0.17761,-0.16582
-0.028498,0.38279,0.59309,0.61633,-0.376,-0.42238,-4.0514,5.6259,-0.16582
0.61639,0.51097,0.73192,-1.6213,-0.376,2.3657,0.24664,-0.17761,-0.16582
-0.028498,2.5779,2.9706,0.61633,-0.376,-0.42238,0.24664,-0.17761,-0.16582
0.61639,-0.82959,-0.72002,-1.6213,-0.376,2.3657,0.24664,-0.17761,-0.16582
0.021364,0.14245,0.11875,0.61633,-0.376,-0.42238,0.24664,-0.17761,-0.16582
0.66625,0.60176,0.51789,-1.6213,-0.376,2.3657,0.24664,-0.17761,-0.16582
0.021364,1.0237,-0.077927,0.61633,-0.376,-0.42238,0.24664,-0.17761,-0.16582
0.66625,-0.59994,-0.47128,-1.6213,-0.376,2.3657,0.24664,-0.17761,-0.16582
0.021364,0.52699,0.51211,0.61633,-0.376,-0.42238,0.24664,-0.17761,-0.16582
0.66625,3.7475,4.2374,-1.6213,-0.376,2.3657,0.24664,-0.17761,-0.16582
0.071227,2.5779,-0.1994,0.61633,-0.376,-0.42238,0.24664,-0.17761,-0.16582
0.071227,1.2694,1.0964,0.61633,-0.376,-0.42238,0.24664,-0.17761,-0.16582
0.76598,0.95426,1.212,-1.6213,-0.376,2.3657,0.24664,-0.17761,-0.16582
0.96543,-0.70141,-0.58119,0.61633,-0.376,-0.42238,0.24664,-0.17761,-0.16582
0.12109,0.41483,-0.21097,0.61633,-0.376,-0.42238,0.24664,-0.17761,-0.16582
1.0153,0.35608,0.51211,0.61633,-0.376,-0.42238,0.24664,-0.17761,-0.16582
0.12109,1.1145,-0.63325,0.61633,-0.376,-0.42238,0.24664,-0.17761,-0.16582
0.12109,-0.78152,-0.65061,-1.6213,2.6575,-0.42238,0.24664,-0.17761,-0.16582
0.17095,2.642,-0.43079,-1.6213,2.6575,-0.42238,0.24664,-0.17761,-0.16582
0.17095,0.12642,-0.44236,0.61633,-0.376,-0.42238,0.24664,-0.17761,-0.16582
0.17095,-0.29016,-0.014296,0.61633,-0.376,-0.42238,0.24664,-0.17761,-0.16582
0.17095,0.23858,-0.41922,0.61633,-0.376,-0.42238,0.24664,-0.17761,-0.16582
0.17095,-0.56255,-0.43079,0.61633,-0.376,-0.42238,0.24664,-0.17761,-0.16582
0.86571,0.30267,0.50632,-1.6213,-0.376,2.3657,0.24664,-0.17761,-0.16582
0.86571,-0.68005,-0.55805,-1.6213,-0.376,2.3657,0.24664,-0.17761,-0.16582
0.91557,-0.52516,-0.3903,-1.6213,-0.376,2.3657,0.24664,-0.17761,-0.16582
0.91557,1.686,-0.32667,-1.6213,-0.376,2.3657,0.24664,-0.17761,-0.16582
0.22746,1.2694,-0.049004,0.61633,-0.376,-0.42238,0.24664,-0.17761,-0.16582
0.22746,1.483,1.0906,-1.6213,2.6575,-0.42238,0.24664,-0.17761,-0.16582
0.22746,0.2279,0.99223,0.61633,-0.376,-0.42238,0.24664,-0.17761,-0.16582
0.22746,1.0237,1.2872,0.61633,-0.376,-0.42238,0.24664,-0.17761,-0.16582
0.22746,0.86881,1.3162,0.61633,-0.376,-0.42238,0.24664,-0.17761,-0.16582
0.22746,0.34006,0.54681,0.61633,-0.376,-0.42238,0.24664,-0.17761,-0.16582
0.22746,-0.57323,0.52946,0.61633,-0.376,-0.42238,0.24664,-0.17761,-0.16582
0.27733,0.97028,1.1311,0.61633,-0.376,-0.42238,0.24664,-0.17761,-0.16582
0.27733,0.38813,0.59888,0.61633,-0.376,-0.42238,0.24664,-0.17761,-0.16582
0.27733,1.1572,1.4319,0.61633,-0.376,-0.42238,0.24664,-0.17761,-0.16582
0.27733,0.86881,1.1195,0.61633,-0.376,-0.42238,0.24664,-0.17761,-0.16582
1.0153,-0.58391,-0.45393,-1.6213,-0.376,2.3657,0.24664,-0.17761,-0.16582
1.0652,0.42017,0.63358,-1.6213,-0.376,2.3657,0.24664,-0.17761,-0.16582
1.0652,0.29733,0.50054,-1.6213,-0.376,2.3657,0.24664,-0.17761,-0.16582
0.32719,1.1626,1.8079,0.61633,-0.376,-0.42238,0.24664,-0.17761,-0.16582
0.32719,0.23858,-0.008511,0.61633,-0.376,-0.42238,0.24664,-0.17761,-0.16582
0.32719,1.483,1.7847,-1.6213,2.6575,-0.42238,0.24664,-0.17761,-0.16582
1.115,-0.82959,-0.72002,-1.6213,-0.376,2.3657,0.24664,-0.17761,-0.16582
0.32719,-0.61062,-0.48285,0.61633,-0.376,-0.42238,0.24664,-0.17761,-0.16582
1.7134,0.32938,-0.32088,0.61633,-0.376,-0.42238,0.24664,-0.17761,-0.16582
1.7134,-0.61062,-0.48285,0.61633,-0.376,-0.42238,0.24664,-0.17761,-0.16582
0.37705,6.669,-0.4655,0.61633,-0.376,-0.42238,0.24664,-0.17761,-0.16582
0.37705,-0.74414,0.18817,0.61633,-0.376,-0.42238,0.24664,-0.17761,-0.16582
0.37705,1.2694,-0.32088,0.61633,-0.376,-0.42238,0.24664,-0.17761,-0.16582
0.37705,-0.25812,-0.02008,-1.6213,2.6575,-0.42238,0.24664,-0.17761,-0.16582
1.1649,3.7475,4.2374,-1.6213,-0.376,2.3657,0.24664,-0.17761,-0.16582
0.40032,1.1572,0.14189,0.61633,-0.376,-0.42238,0.24664,-0.17761,-0.16582
0.40032,0.019606,0.61623,0.61633,-0.376,-0.42238,0.24664,-0.17761,-0.16582
0.40032,-1.0593,-0.96876,0.61633,-0.376,-0.42238,-4.0514,5.6259,-0.16582
0.40032,0.014265,0.66829,0.61633,-0.376,-0.42238,0.24664,-0.17761,-0.16582
0.40032,-0.57323,0.049335,0.61633,-0.376,-0.42238,0.24664,-0.17761,-0.16582
-0.13155,1.0824,0.6278,0.61633,-0.376,-0.42238,0.24664,-0.17761,-0.16582
1.8131,-0.413,-0.26882,0.61633,-0.376,-0.42238,0.24664,-0.17761,-0.16582
0.42691,0.97028,1.1021,0.61633,-0.376,-0.42238,0.24664,-0.17761,-0.16582
0.45351,0.014265,0.19395,0.61633,-0.376,-0.42238,0.24664,-0.17761,-0.16582
0.47678,-0.19403,-0.58698,0.61633,-0.376,-0.42238,0.24664,-0.17761,-0.16582
0.47678,1.9103,-0.054788,0.61633,-0.376,-0.42238,0.24664,-0.17761,-0.16582
0.47678,0.014265,-0.33824,0.61633,-0.376,-0.42238,0.24664,-0.17761,-0.16582
0.47678,0.64449,-0.33824,0.61633,-0.376,-0.42238,0.24664,-0.17761,-0.16582
0.47678,0.13176,0.62202,-1.6213,2.6575,-0.42238,0.24664,-0.17761,-0.16582
0.52664,2.642,-0.4655,-1.6213,2.6575,-0.42238,0.24664,-0.17761,-0.16582
0.52664,-0.59459,-0.4655,-1.6213,2.6575,-0.42238,0.24664,-0.17761,-0.16582
0.52664,-0.57323,-0.44236,0.61633,-0.376,-0.42238,0.24664,-0.17761,-0.16582
0.52664,-0.14062,0.47161,0.61633,-0.376,-0.42238,0.24664,-0.17761,-0.16582
2.2319,-0.14062,0.026197,0.61633,-0.376,-0.42238,0.24664,-0.17761,-0.16582
2.2319,-0.53584,-0.40187,0.61633,-0.376,-0.42238,0.24664,-0.17761,-0.16582
0.5765,0.19051,0.38484,0.61633,-0.376,-0.42238,0.24664,-0.17761,-0.16582
0.62969,0.8421,1.0906,0.61633,-0.376,-0.42238,0.24664,-0.17761,-0.16582
0.62969,1.8302,-0.077927,0.61633,-0.376,-0.42238,0.24664,-0.17761,-0.16582
0.62969,0.30801,0.51211,0.61633,-0.376,-0.42238,0.24664,-0.17761,-0.16582
1.5139,-0.58391,-0.45393,-1.6213,-0.376,2.3657,0.24664,-0.17761,-0.16582
0.67955,3.8437,4.3415,0.61633,-0.376,-0.42238,0.24664,-0.17761,-0.16582
0.67955,-0.34891,-0.1994,0.61633,-0.376,-0.42238,0.24664,-0.17761,-0.16582
1.5638,-0.17801,-0.014296,-1.6213,-0.376,2.3657,0.24664,-0.17761,-0.16582
0.74604,0.71926,-0.66796,0.61633,-0.376,-0.42238,0.24664,-0.17761,-0.16582
0.74604,1.8302,1.0616,0.61633,-0.376,-0.42238,0.24664,-0.17761,-0.16582
1.6635,-0.59994,-0.47128,-1.6213,-0.376,2.3657,0.24664,-0.17761,-0.16582
0.78925,-1.2462,2.6293,0.61633,-0.376,-0.42238,0.24664,-0.17761,-0.16582
0.78925,0.019606,1.0501,0.61633,-0.376,-0.42238,0.24664,-0.17761,-0.16582
0.78925,-0.54119,-0.40765,0.61633,-0.376,-0.42238,0.24664,-0.17761,-0.16582
0.78925,-1.0646,-0.97455,0.61633,-0.376,-0.42238,0.24664,-0.17761,-0.16582
0.78925,0.8421,6.4819,0.61633,-0.376,-0.42238,0.24664,-0.17761,-0.16582
0.83579,-0.53584,6.667,0.61633,-0.376,-0.42238,0.24664,-0.17761,-0.16582
0.83579,0.41483,0.6278,0.61633,-0.376,-0.42238,0.24664,-0.17761,-0.16582
0.83579,0.15313,0.18817,-1.6213,2.6575,-0.42238,0.24664,-0.17761,-0.16582
0.879,-0.78687,-0.67375,0.61633,-0.376,-0.42238,0.24664,-0.17761,-0.16582
0.879,1.1786,1.455,-1.6213,2.6575,-0.42238,0.24664,-0.17761,-0.16582
0.92222,0.15313,0.71457,-1.6213,2.6575,-0.42238,0.24664,-0.17761,-0.16582
0.92222,-0.17801,-0.014296,-1.6213,2.6575,-0.42238,0.24664,-0.17761,-0.16582
0.96543,1.1999,1.4781,0.61633,-0.376,-0.42238,0.24664,-0.17761,-0.16582
0.96543,-0.033802,0.14189,0.61633,-0.376,-0.42238,0.24664,-0.17761,-0.16582
0.96543,0.019606,0.61623,0.61633,-0.376,-0.42238,0.24664,-0.17761,-0.16582
0.96543,1.8302,2.1607,0.61633,-0.376,-0.42238,0.24664,-0.17761,-0.16582
0.96543,0.035629,0.21709,0.61633,-0.376,-0.42238,0.24664,-0.17761,-0.16582
0.96543,0.030288,0.21131,0.61633,-0.376,-0.42238,0.24664,-0.17761,-0.16582
0.96543,-0.11926,0.049335,0.61633,-0.376,-0.42238,0.24664,-0.17761,-0.16582
2.1123,0.51097,0.73192,-1.6213,-0.376,2.3657,0.24664,-0.17761,-0.16582
1.0618,0.019606,0.83026,0.61633,-0.376,-0.42238,0.24664,-0.17761,-0.16582
1.0618,-0.52516,-0.3903,0.61633,-0.376,-0.42238,0.24664,-0.17761,-0.16582
1.0618,0.40949,0.62202,-1.6213,2.6575,-0.42238,0.24664,-0.17761,-0.16582
1.115,-0.63198,-0.50599,0.61633,-0.376,-0.42238,-4.0514,5.6259,-0.16582
1.1649,-0.56255,-0.43079,-1.6213,2.6575,-0.42238,0.24664,-0.17761,-0.16582
1.1649,-0.17801,-0.014296,0.61633,-0.376,-0.42238,0.24664,-0.17761,-0.16582
1.1649,-0.16198,0.0030583,-1.6213,2.6575,-0.42238,0.24664,-0.17761,-0.16582
1.1649,-0.56255,-0.43079,0.61633,-0.376,-0.42238,0.24664,-0.17761,-0.16582
1.2646,-0.89902,-0.66796,0.61633,-0.376,-0.42238,0.24664,-0.17761,-0.16582
1.3145,-0.18335,-0.02008,0.61633,-0.376,-0.42238,0.24664,-0.17761,-0.16582
1.3643,-0.11926,6.667,0.61633,-0.376,-0.42238,0.24664,-0.17761,-0.16582
1.3643,-0.89902,-0.79522,0.61633,-0.376,-0.42238,0.24664,-0.17761,-0.16582
1.4142,-0.55187,-0.41922,0.61633,-0.376,-0.42238,0.24664,-0.17761,-0.16582
1.4142,-0.78687,-0.67375,0.61633,-0.376,-0.42238,-4.0514,5.6259,-0.16582
1.4142,1.1786,1.455,-1.6213,2.6575,-0.42238,0.24664,-0.17761,-0.16582
1.4641,-0.17801,-0.014296,-1.6213,2.6575,-0.42238,0.24664,-0.17761,-0.16582
1.5638,-0.46641,-0.66218,0.61633,-0.376,-0.42238,0.24664,-0.17761,-0.16582
1.5638,-0.54119,-0.33824,0.61633,-0.376,-0.42238,0.24664,-0.17761,-0.16582
1.6136,-0.63198,-0.50599,0.61633,-0.376,-0.42238,-4.0514,5.6259,-0.16582
1.6136,-0.11926,0.049335,0.61633,-0.376,-0.42238,0.24664,-0.17761,-0.16582
1.6136,-0.20471,-0.043219,0.61633,-0.376,-0.42238,-4.0514,5.6259,-0.16582
1.6635,-1.2355,-1.1597,0.61633,-0.376,-0.42238,0.24664,-0.17761,-0.16582
1.6635,-0.38096,-0.23411,-1.6213,2.6575,-0.42238,0.24664,-0.17761,-0.16582
1.8131,0.87949,1.1311,0.61633,-0.376,-0.42238,0.24664,-0.17761,-0.16582
1.8131,-0.18335,-0.02008,0.61633,-0.376,-0.42238,0.24664,-0.17761,-0.16582
1.8131,-0.22073,-0.060573,0.61633,-0.376,-0.42238,0.24664,-0.17761,-0.16582
1.9128,-0.78687,-0.67375,0.61633,-0.376,-0.42238,-4.0514,5.6259,-0.16582
1.9128,1.1786,1.455,-1.6213,2.6575,-0.42238,-4.0514,5.6259,-0.16582
0.86571,-0.51448,0.6278,0.61633,-0.376,-0.42238,0.24664,-0.17761,-0.16582
